,,processor_core_count,processor_clock,processor_core_threadscount,processor_isa,processor_simd,processor_microarchitecture,processor,processor_manufacturer,processor_tdp,processor_core_L1_size, processor_core_L2_size, processor_L3_size,node_memory_bandwidth,node_memory_type
AMD,3015Ce,2,1.2G,4,64-bit,unset,unset,AMD_3015Ce,AMD,6,unset,1MB,4MB,1600M,DDR4
AMD,3015e,2,1.2G,4,64-bit,unset,unset,AMD_3015e,AMD,6,unset,1MB,4MB,1600M,DDR4
AMD,3020e,2,1.2G,2,64-bit,unset,unset,AMD_3020e,AMD,6,unset,1MB,4MB,2400M,DDR4
AMD;A10,6700,4,3.7G,4,64-bit,unset,unset,AMD_A10_6700,AMD,65,192KB,4MB,unset,1866M,DDR3
AMD;A10,6700T,4,2.5G,4,64-bit,unset,unset,AMD_A10_6700T,AMD,45,192KB,4MB,unset,1866M,DDR3
AMD;A10,6790B,4,4.0G,4,64-bit,unset,unset,AMD_A10_6790B,AMD,45,192KB,4MB,unset,1866M,DDR3
AMD;A10,6790K,4,4.0G,4,64-bit,unset,unset,AMD_A10_6790K,AMD,100,192KB,4MB,unset,1866M,DDR3
AMD;A10,6800B,4,4.1G,4,64-bit,unset,unset,AMD_A10_6800B,AMD,45,192KB,4MB,unset,2133M,DDR3
AMD;A10,6800K,4,4.1G,4,64-bit,unset,unset,AMD_A10_6800K,AMD,100,192KB,4MB,unset,2133M,DDR3
AMD;A10,7300,4,1.9G,4,64-bit,unset,unset,AMD_A10_7300,AMD,20,unset,4MB,unset,unset,unset
AMD;A10,7400P,4,2.5G,4,64-bit,unset,unset,AMD_A10_7400P,AMD,35,unset,4MB,unset,1866M,DDR3L
AMD;A10,7700K,4,3.4G,4,64-bit,unset,unset,AMD_A10_7700K,AMD,unset,256KB,4MB,unset,2133M,DDR3
AMD;A10,7800,4,3.5G,4,64-bit,unset,unset,AMD_A10_7800,AMD,unset,256KB,4MB,unset,2133M,DDR3
AMD;A10,7850K,4,3.7G,4,64-bit,MMX;SSE;SSE2;SSE3;SSE4a,unset,AMD_A10_7850K,AMD,95,256KB,4MB,unset,2133M,DDR3
AMD;A10,7860K,4,3.6G,4,64-bit,unset,unset,AMD_A10_7860K,AMD,65,256KB,4MB,unset,2133M,DDR3
AMD;A10,7860K,4,3.6G,4,64-bit,unset,unset,AMD_A10_7860K,AMD,65,256KB,4MB,unset,2133M,DDR3
AMD;A10,7870K,4,3.9G,4,64-bit,unset,unset,AMD_A10_7870K,AMD,95,256KB,4MB,unset,2133M,DDR3
AMD;A10,7870K,4,3.9G,4,64-bit,unset,unset,AMD_A10_7870K,AMD,95,256KB,4MB,unset,2133M,DDR3
AMD;A10,7890K,4,4.1G,4,64-bit,unset,unset,AMD_A10_7890K,AMD,95,256KB,4MB,unset,2133M,DDR3
AMD;A10,8700P,4,1.8G,4,64-bit,unset,unset,AMD_A10_8700P,AMD,unset,unset,2MB,unset,2133M,DDR3
AMD;A10;6;8700B;APU,PRO,4,1.8G,4,64-bit,unset,unset,AMD_A10_PRO_6_8700B_APU,AMD,15,unset,2MB,unset,2133M,DDR3L
AMD;A10;6;8700P,APU,4,1.8G,4,64-bit,unset,unset,AMD_A10_6_8700P_APU,AMD,15,unset,2MB,unset,2133M,DDR3
AMD;A10;6;8730B;APU,PRO,4,2.4G,4,64-bit,unset,unset,AMD_A10_PRO_6_8730B_APU,AMD,unset,unset,2MB,unset,1866M,DDR4
AMD;A10;6;8750B;APU,PRO,4,3.6G,4,64-bit,unset,unset,AMD_A10_PRO_6_8750B_APU,AMD,65,unset,4MB,unset,2133M,DDR3
AMD;A10;6;8770;APU,PRO,4,3.5G,4,64-bit,unset,unset,AMD_A10_PRO_6_8770_APU,AMD,65,unset,2MB,unset,2400M,DDR4
AMD;A10;6;8770E;APU,PRO,4,2.8G,4,64-bit,unset,unset,AMD_A10_PRO_6_8770E_APU,AMD,35,unset,2MB,unset,2400M,DDR4
AMD;A10;6;8850B;APU,PRO,4,3.9G,4,64-bit,MMX;SSE;SSE2;SSE3;SSE4a,unset,AMD_A10_PRO_6_8850B_APU,AMD,95,unset,4MB,unset,2133M,DDR3
AMD;A10;7;9600P,APU,4,2.4G,4,64-bit,unset,unset,AMD_A10_7_9600P_APU,AMD,15,unset,2MB,unset,1866M,DDR4
AMD;A10;7;9630P,APU,4,2.6G,4,64-bit,unset,unset,AMD_A10_7_9630P_APU,AMD,35,unset,2MB,unset,2400M,DDR4
AMD;A10;7;9700;APU,,4,3.5G,4,64-bit,unset,unset,AMD_A10_7_9700_APU,AMD,65,unset,2MB,unset,2400M,DDR4
AMD;A10;7;9700;APU,PRO,4,3.5G,4,64-bit,unset,unset,AMD_A10_PRO_7_9700_APU,AMD,65,unset,2MB,unset,2400M,DDR4
AMD;A10;7;9700B;APU,PRO,4,2.5G,4,64-bit,unset,unset,AMD_A10_PRO_7_9700B_APU,AMD,15,unset,2MB,unset,1866M,DDR4
AMD;A10;7;9700E;APU,,4,3.0G,4,64-bit,unset,unset,AMD_A10_7_9700E_APU,AMD,35,unset,2MB,unset,2400M,DDR4
AMD;A10;7;9700E;APU,PRO,4,3.0G,4,64-bit,unset,unset,AMD_A10_PRO_7_9700E_APU,AMD,35,unset,2MB,unset,2400M,DDR4
AMD;A10;7;9730B;APU,PRO,4,2.8G,4,64-bit,unset,unset,AMD_A10_PRO_7_9730B_APU,AMD,35,unset,2MB,unset,2400M,DDR4
AMD;A10;7350B,PRO,4,2.1G,4,64-bit,unset,unset,AMD_A10_PRO_7350B,AMD,19,unset,4MB,unset,1600M,DDR3L
AMD;A10;7800B,PRO,4,3.5G,4,64-bit,unset,unset,AMD_A10_PRO_7800B,AMD,65,256KB,4MB,unset,2133M,DDR3
AMD;A10;7850B,PRO,4,3.7G,4,64-bit,MMX;SSE;SSE2;SSE3;SSE4a,unset,AMD_A10_PRO_7850B,AMD,95,256KB,4MB,unset,2133M,DDR3
AMD;A10;Micro,6700T,4,2.2G,4,64-bit,unset,unset,AMD_A10_Micro_6700T,AMD,4.5,unset,2MB,unset,1333M,DDR3L
AMD;A12;6;8800B;APU,PRO,4,2.1G,4,64-bit,unset,unset,AMD_A12_PRO_6_8800B_APU,AMD,15,unset,2MB,unset,2133M,DDR3L
AMD;A12;6;8830B;APU,PRO,4,2.5G,4,64-bit,unset,unset,AMD_A12_PRO_6_8830B_APU,AMD,unset,unset,2MB,unset,1866M,DDR4
AMD;A12;6;8870;APU,PRO,4,3.7G,4,64-bit,unset,unset,AMD_A12_PRO_6_8870_APU,AMD,65,unset,2MB,unset,2400M,DDR4
AMD;A12;6;8870E;APU,PRO,4,2.9G,4,64-bit,unset,unset,AMD_A12_PRO_6_8870E_APU,AMD,35,unset,2MB,unset,2400M,DDR4
AMD;A12;7;9700P,APU,4,2.5G,4,64-bit,unset,unset,AMD_A12_7_9700P_APU,AMD,15,unset,2MB,unset,1866M,DDR4
AMD;A12;7;9730P,APU,4,2.8G,4,64-bit,unset,unset,AMD_A12_7_9730P_APU,AMD,35,unset,2MB,unset,2400M,DDR4
AMD;A12;7;9800;APU,,4,3.8G,4,64-bit,MMX;SSE;SSE2;SSE3;SSE4a,unset,AMD_A12_7_9800_APU,AMD,65,unset,2MB,unset,2400M,DDR4
AMD;A12;7;9800;APU,PRO,4,3.8G,4,64-bit,MMX;SSE;SSE2;SSE3;SSE4a,unset,AMD_A12_PRO_7_9800_APU,AMD,65,unset,2MB,unset,2400M,DDR4
AMD;A12;7;9800B;APU,PRO,4,2.7G,4,64-bit,MMX;SSE;SSE2;SSE3;SSE4a,unset,AMD_A12_PRO_7_9800B_APU,AMD,15,unset,2MB,unset,1866M,DDR4
AMD;A12;7;9800E;APU,,4,3.1G,4,64-bit,MMX;SSE;SSE2;SSE3;SSE4a,unset,AMD_A12_7_9800E_APU,AMD,35,unset,2MB,unset,2400M,DDR4
AMD;A12;7;9800E;APU,PRO,4,3.1G,4,64-bit,MMX;SSE;SSE2;SSE3;SSE4a,unset,AMD_A12_PRO_7_9800E_APU,AMD,35,unset,2MB,unset,2400M,DDR4
AMD;A12;7;9830B;APU,PRO,4,3.0G,4,64-bit,unset,unset,AMD_A12_PRO_7_9830B_APU,AMD,35,unset,2MB,unset,2400M,DDR4
AMD;A4,5000,4,1.5G,4,64-bit,unset,unset,AMD_A4_5000,AMD,15,256KB,2MB,unset,1600M,DDR3
AMD;A4,5100,4,1.55G,4,64-bit,unset,unset,AMD_A4_5100,AMD,15,256KB,2MB,unset,1600M,DDR3
AMD;A4,6210,4,1.8G,4,64-bit,unset,unset,AMD_A4_6210,AMD,15,unset,2MB,unset,1599M,DDR3L
AMD;A4,6300,2,3.7G,2,64-bit,unset,unset,AMD_A4_6300,AMD,65,96KB,1MB,unset,1600M,DDR3
AMD;A4,6320,2,3.8G,2,64-bit,unset,unset,AMD_A4_6320,AMD,65,96KB,1MB,unset,1600M,DDR3
AMD;A4,7210,4,1.8G,4,64-bit,unset,unset,AMD_A4_7210,AMD,65,unset,2MB,unset,1600M,DDR3L
AMD;A4,7300,2,3.8G,2,64-bit,unset,unset,AMD_A4_7300,AMD,65,96KB,1MB,unset,1600M,DDR3
AMD;A4;3340B,PRO,4,2.2G,4,64-bit,unset,unset,AMD_A4_PRO_3340B,AMD,25,unset,2MB,unset,1600M,DDR3L
AMD;A4;3350B,PRO,4,2.0G,4,64-bit,unset,unset,AMD_A4_PRO_3350B,AMD,15,unset,2MB,unset,1600M,DDR3
AMD;A4;6;8350B;APU,PRO,2,3.5G,2,64-bit,unset,unset,AMD_A4_PRO_6_8350B_APU,AMD,65,unset,1MB,unset,1866M,DDR3
AMD;A4;7;4350B;APU,PRO,2,2.5G,2,64-bit,unset,unset,AMD_A4_PRO_7_4350B_APU,AMD,15,unset,1MB,unset,2133M,DDR4
AMD;A4;7;5350B;APU,PRO,2,3.0G,2,64-bit,unset,unset,AMD_A4_PRO_7_5350B_APU,AMD,15,unset,1MB,unset,2133M,DDR4
AMD;A4;7;9120,APU,2,2.2G,2,64-bit,unset,unset,AMD_A4_7_9120_APU,AMD,15,unset,1MB,unset,2133M,DDR4
AMD;A4;7;9120C,APU,2,1.6G,2,64-bit,unset,unset,AMD_A4_7_9120C_APU,AMD,6,160KB,1MB,unset,1866M,unset
AMD;A4;7;9125,APU,2,2.3G,2,64-bit,unset,unset,AMD_A4_7_9125_APU,AMD,15,unset,1MB,unset,2133M,unset
AMD;A4;7300B,PRO,2,3.8G,2,64-bit,unset,unset,AMD_A4_PRO_7300B,AMD,65,96KB,1MB,unset,1600M,DDR3
AMD;A4;Micro,6400T,4,1.6G,4,64-bit,unset,unset,AMD_A4_Micro_6400T,AMD,4.5,unset,2MB,unset,1333M,DDR3L
AMD;A6,5200,4,2.0G,4,64-bit,MMX;SSE;SSE2;SSE3;SSE4a,unset,AMD_A6_5200,AMD,25,256KB,2MB,unset,1600M,DDR3
AMD;A6,5200M,4,2.0G,4,64-bit,MMX;SSE;SSE2;SSE3;SSE4a,unset,AMD_A6_5200M,AMD,25,unset,2MB,unset,unset,unset
AMD;A6,5350M,2,2.9G,2,64-bit,unset,unset,AMD_A6_5350M,AMD,35,unset,2MB,unset,1600M,DDR3
AMD;A6,6310,4,2.4G,4,64-bit,unset,unset,AMD_A6_6310,AMD,15,unset,2MB,unset,1865M,DDR3L
AMD;A6,6400B,2,3.9G,2,64-bit,unset,unset,AMD_A6_6400B,AMD,65,96KB,1MB,unset,1866M,DDR3
AMD;A6,6400K,2,3.9G,2,64-bit,unset,unset,AMD_A6_6400K,AMD,65,96KB,1MB,unset,1866M,DDR3
AMD;A6,6420B,2,4.0G,2,64-bit,unset,unset,AMD_A6_6420B,AMD,65,96KB,1MB,unset,1866M,DDR3
AMD;A6,6420K,2,4.0G,2,64-bit,unset,unset,AMD_A6_6420K,AMD,65,96KB,1MB,unset,1866M,DDR3
AMD;A6,7000,2,2.2G,2,64-bit,unset,unset,AMD_A6_7000,AMD,17,unset,1MB,unset,unset,unset
AMD;A6,7310,4,2.0G,4,64-bit,unset,unset,AMD_A6_7310,AMD,15,unset,2MB,unset,1866M,DDR3L
AMD;A6,7400K,2,3.5G,2,64-bit,unset,unset,AMD_A6_7400K,AMD,65,128KB,1MB,unset,1866M,DDR3
AMD;A6,7470K,2,3.7G,2,64-bit,unset,unset,AMD_A6_7470K,AMD,65,256KB,1MB,unset,2133M,DDR3
AMD;A6,8500P,2,1.6G,2,64-bit,MMX;SSE;SSE2;SSE3;SSE4a,unset,AMD_A6_8500P,AMD,15,unset,1MB,unset,unset,unset
AMD;A6;6;8500B;APU,PRO,2,1.6G,4,64-bit,MMX;SSE;SSE2;SSE3;SSE4a,unset,AMD_A6_PRO_6_8500B_APU,AMD,15,unset,1MB,unset,1600M,DDR3L
AMD;A6;6;8530B;APU,PRO,2,2.3G,2,64-bit,unset,unset,AMD_A6_PRO_6_8530B_APU,AMD,unset,unset,1MB,unset,1866M,DDR4
AMD;A6;6;8550B;APU,PRO,2,3.7G,2,64-bit,unset,unset,AMD_A6_PRO_6_8550B_APU,AMD,65,unset,1MB,unset,2133M,DDR3
AMD;A6;6;8570;APU,PRO,2,3.5G,2,64-bit,unset,unset,AMD_A6_PRO_6_8570_APU,AMD,65,unset,1MB,unset,2400M,DDR4
AMD;A6;6;8570E;APU,PRO,2,3.0G,2,64-bit,unset,unset,AMD_A6_PRO_6_8570E_APU,AMD,35,unset,1MB,unset,2400M,DDR4
AMD;A6;7;7350B;APU,PRO,2,3.0G,2,64-bit,unset,unset,AMD_A6_PRO_7_7350B_APU,AMD,15,unset,1MB,unset,2133M,DDR4
AMD;A6;7;8350B;APU,PRO,2,3.1G,2,64-bit,unset,unset,AMD_A6_PRO_7_8350B_APU,AMD,15,unset,1MB,unset,2133M,DDR4
AMD;A6;7;9210,APU,2,2.4G,2,64-bit,unset,unset,AMD_A6_7_9210_APU,AMD,15,unset,1MB,unset,2133M,DDR4
AMD;A6;7;9220,APU,2,2.5G,2,64-bit,unset,unset,AMD_A6_7_9220_APU,AMD,15,unset,1MB,unset,2133M,DDR4
AMD;A6;7;9220C,APU,2,1.8G,2,64-bit,unset,unset,AMD_A6_7_9220C_APU,AMD,6,160KB,1MB,unset,1866M,unset
AMD;A6;7;9225,APU,2,2.6G,2,64-bit,unset,unset,AMD_A6_7_9225_APU,AMD,15,unset,1MB,unset,2133M,DDR4
AMD;A6;7;9500;APU,,2,3.5G,2,64-bit,unset,unset,AMD_A6_7_9500_APU,AMD,65,unset,1MB,unset,2400M,DDR4
AMD;A6;7;9500;APU,PRO,2,3.5G,2,64-bit,unset,unset,AMD_A6_PRO_7_9500_APU,AMD,65,unset,1MB,unset,2400M,DDR4
AMD;A6;7;9500B;APU,PRO,2,2.3G,2,64-bit,unset,unset,AMD_A6_PRO_7_9500B_APU,AMD,15,unset,1MB,unset,1866M,DDR4
AMD;A6;7;9500E;APU,,2,3.0G,2,64-bit,unset,unset,AMD_A6_7_9500E_APU,AMD,35,unset,1MB,unset,2400M,DDR4
AMD;A6;7;9500E;APU,PRO,2,3.0G,2,64-bit,unset,unset,AMD_A6_PRO_7_9500E_APU,AMD,35,unset,1MB,unset,2400M,DDR4
AMD;A6;7;9550,APU,2,3.8G,2,64-bit,unset,unset,AMD_A6_7_9550_APU,AMD,65,unset,1MB,unset,2400M,DDR4
AMD;A6;7050B,PRO,2,2.2G,2,64-bit,unset,unset,AMD_A6_PRO_7050B,AMD,100,unset,1MB,unset,1600M,DDR3L
AMD;A6;7400B,PRO,2,3.5G,2,64-bit,unset,unset,AMD_A6_PRO_7400B,AMD,65,unset,1MB,unset,1866M,DDR3
AMD;A8,6410,4,2.0G,4,64-bit,unset,unset,AMD_A8_6410,AMD,15,unset,2MB,unset,1866M,DDR3L
AMD;A8,6500,4,3.5G,4,64-bit,unset,unset,AMD_A8_6500,AMD,65,192KB,4MB,unset,1866M,DDR3
AMD;A8,6500B,4,3.5G,4,64-bit,unset,unset,AMD_A8_6500B,AMD,65,192KB,4MB,unset,1866M,DDR3
AMD;A8,6500T,4,2.1G,4,64-bit,unset,unset,AMD_A8_6500T,AMD,45,192KB,4MB,unset,1866M,DDR3
AMD;A8,6600K,4,3.9G,4,64-bit,unset,unset,AMD_A8_6600K,AMD,65,192KB,4MB,unset,1866M,DDR3
AMD;A8,7100,4,1.8G,4,64-bit,unset,unset,AMD_A8_7100,AMD,20,unset,4MB,unset,1600M,DDR3
AMD;A8,7200P,4,2.4G,4,64-bit,unset,unset,AMD_A8_7200P,AMD,100,unset,4MB,unset,1866M,DDR3
AMD;A8,7410,4,2.2G,4,64-bit,unset,unset,AMD_A8_7410,AMD,15,unset,2MB,unset,1866M,DDR3L
AMD;A8,7600,4,3.1G,4,64-bit,unset,unset,AMD_A8_7600,AMD,65,256KB,4MB,unset,2133M,DDR3
AMD;A8,7650K,4,3.3G,4,64-bit,unset,unset,AMD_A8_7650K,AMD,95,256KB,4MB,unset,2133M,DDR3
AMD;A8,7650K,4,3.3G,4,64-bit,unset,unset,AMD_A8_7650K,AMD,95,256KB,4MB,unset,2133M,DDR3
AMD;A8,7670K,4,3.6G,4,64-bit,unset,unset,AMD_A8_7670K,AMD,95,256KB,4MB,unset,2133M,DDR3
AMD;A8,8600P,4,1.6G,4,64-bit,unset,unset,AMD_A8_8600P,AMD,unset,unset,2MB,unset,2133M,DDR3
AMD;A8;6;8600B;APU,PRO,4,1.6G,4,64-bit,unset,unset,AMD_A8_PRO_6_8600B_APU,AMD,15,unset,2MB,unset,2133M,DDR3L
AMD;A8;6;8600P,APU,4,1.6G,4,64-bit,unset,unset,AMD_A8_6_8600P_APU,AMD,15,unset,2MB,unset,2133M,DDR3
AMD;A8;6;8650B;APU,PRO,4,3.2G,4,64-bit,unset,unset,AMD_A8_PRO_6_8650B_APU,AMD,65,unset,4MB,unset,2133M,DDR3
AMD;A8;7;9600;APU,,4,3.1G,4,64-bit,unset,unset,AMD_A8_7_9600_APU,AMD,65,unset,2MB,unset,2400M,DDR4
AMD;A8;7;9600;APU,PRO,4,3.1G,4,64-bit,unset,unset,AMD_A8_PRO_7_9600_APU,AMD,65,unset,2MB,unset,2400M,DDR4
AMD;A8;7;9600;APU,PRO,4,2.4G,4,64-bit,unset,unset,AMD_A8_PRO_7_9600_APU,AMD,15,unset,2MB,unset,1866M,DDR4
AMD;A8;7;9630B,PRO,4,2.6G,4,64-bit,unset,unset,AMD_A8_PRO_7_9630B,AMD,35,unset,2MB,unset,2400M,DDR4
AMD;A8;7150B,PRO,4,1.9G,4,64-bit,unset,unset,AMD_A8_PRO_7150B,AMD,100,unset,4MB,unset,1600M,DDR3L
AMD;A8;7600B,PRO,4,3.1G,4,64-bit,unset,unset,AMD_A8_PRO_7600B,AMD,65,unset,4MB,unset,2133M,DDR3
AMD;A9;7;9410,APU,2,2.9G,2,64-bit,unset,unset,AMD_A9_7_9410_APU,AMD,10-25/25,unset,1MB,unset,2133M,DDR4
AMD;A9;7;9420,APU,2,3.0G,2,64-bit,unset,unset,AMD_A9_7_9420_APU,AMD,15,unset,1MB,unset,2133M,DDR4
AMD;A9;7;9425,APU,2,3.1G,2,64-bit,unset,unset,AMD_A9_7_9425_APU,AMD,15,unset,1MB,unset,2133M,DDR4
AMD;Athlon,220GE,2,3.4G,4,64-bit,unset,unset,AMDAthlon_220GE,AMD,35,192KB,1MB,4MB,2667M,unset
AMD;Athlon,240GE,2,3.5G,4,64-bit,unset,unset,AMDAthlon_240GE,AMD,35,192KB,1MB,4MB,2667M,unset
AMD;Athlon,3000G,2,3.5G,4,64-bit,unset,unset,AMDAthlon_3000G,AMD,35,192KB,1MB,4MB,2667M,unset
AMD;Athlon,320GE,2,3.5G,4,64-bit,unset,unset,AMDAthlon_320GE,AMD,35,192KB,1MB,4MB,2667M,DDR4
AMD;Athlon;200GE,,2,3.2G,4,64-bit,unset,unset,AMDAthlon_200GE,AMD,35,192KB,1MB,4MB,2667M,unset
AMD;Athlon;200GE,PRO,2,3.2G,4,64-bit,unset,unset,AMDAthlon_PRO_200GE,AMD,35,192KB,1MB,4MB,2667M,unset
AMD;Athlon;200U,PRO,2,2.3G,4,64-bit,unset,unset,AMDAthlon_PRO_200U,AMD,15,192KB,1MB,4MB,2400M,unset
AMD;Athlon;300GE,,2,3.4G,4,64-bit,unset,unset,AMDAthlon_300GE,AMD,35,192KB,1MB,4MB,2667M,DDR4
AMD;Athlon;300GE,PRO,2,3.4G,4,64-bit,unset,unset,AMDAthlon_PRO_300GE,AMD,35,192KB,1MB,4MB,2667M,unset
AMD;Athlon;300U,,2,2.4G,4,64-bit,unset,unset,AMDAthlon_300U,AMD,15,193KB,1MB,4MB,2400M,unset
AMD;Athlon;300U,PRO,2,2.4G,4,64-bit,unset,unset,AMDAthlon_PRO_300U,AMD,15,384KB,1MB,4MB,2400M,unset
AMD;Athlon;3045B,PRO,2,2.3G,2,64-bit,unset,unset,AMDAthlon_PRO_3045B,AMD,15,192KB,1MB,4MB,2400M,DDR4
AMD;Athlon;3145B,PRO,2,2.4G,4,64-bit,unset,unset,AMDAthlon_PRO_3145B,AMD,15,196608KB,1MB,4MB,2400M,DDR4
AMD;Athlon;5150,APU,4,1.6G,4,64-bit,unset,unset,AMDAthlon_5150_APU,AMD,25,256KB,2MB,unset,1600M,DDR3
AMD;Athlon;5350,APU,4,2.05G,4,64-bit,unset,unset,AMDAthlon_5350_APU,AMD,25,256KB,2MB,unset,1600M,DDR3
AMD;Athlon;5370,APU,4,2.2G,4,64-bit,unset,unset,AMDAthlon_5370_APU,AMD,25,256KB,2MB,unset,1600M,DDR3
AMD;Athlon;7;X4,940,4,3.2G,4,64-bit,unset,unset,AMDAthlon_7_X4_940,AMD,unset,unset,2MB,unset,2400M,DDR4
AMD;Athlon;7;X4,950,4,3.5G,4,64-bit,unset,unset,AMDAthlon_7_X4_950,AMD,unset,unset,2MB,unset,2400M,DDR4
AMD;Athlon;7;X4,970,4,3.8G,4,64-bit,unset,unset,AMDAthlon_7_X4_970,AMD,65,unset,2MB,unset,2400M,DDR4
AMD;Athlon;Gold,3150C,2,2.4G,4,64-bit,unset,unset,AMDAthlon_Gold_3150C,AMD,15,192KB,1MB,4MB,unset,unset
AMD;Athlon;Gold,3150G,4,3.5G,4,64-bit,unset,unset,AMDAthlon_Gold_3150G,AMD,65,384KB,2MB,4MB,2933M,DDR4
AMD;Athlon;Gold,3150GE,4,3.3G,4,64-bit,unset,unset,AMDAthlon_Gold_3150GE,AMD,35,384KB,2MB,4MB,2933M,DDR4
AMD;Athlon;Gold,3150U,2,2.4G,4,64-bit,unset,unset,AMDAthlon_Gold_3150U,AMD,15,192KB,1MB,4MB,2400M,DDR4
AMD;Athlon;II;X2,255e,2,3.1G,2,64-bit,unset,unset,AMDAthlon_II_X2_255e,AMD,45,256KB,2MB,unset,unset,DDR3
AMD;Athlon;II;X3,425e,3,2.7G,3,64-bit,unset,unset,AMDAthlon_II_X3_425e,AMD,45,384KB,1.5MB,unset,unset,DDR3
AMD;Athlon;II;X3,460,3,3.4G,3,64-bit,unset,unset,AMDAthlon_II_X3_460,AMD,95,384KB,1.5MB,unset,unset,DDR3
AMD;Athlon;II;X4,620e,4,2.7G,4,64-bit,unset,unset,AMDAthlon_II_X4_620e,AMD,45,unset,unset,unset,unset,DDR3
AMD;Athlon;II;X4,631,4,2.6G,4,64-bit,unset,unset,AMDAthlon_II_X4_631,AMD,100,unset,4MB,unset,unset,unset
AMD;Athlon;II;X4,638,4,2.7G,4,64-bit,unset,unset,AMDAthlon_II_X4_638,AMD,65,512KB,4MB,unset,unset,unset
AMD;Athlon;II;X4,638,16,2.5G,16,64-bit,unset,unset,AMDAthlon_II_X4_638,AMD,115,768KB,16MB,16MB,2000M,DDR3
AMD;Athlon;II;X4,638,16,2.8G,16,64-bit,unset,unset,AMDAthlon_II_X4_638,AMD,140,48KB,16MB,16MB,2000M,DDR3
AMD;Athlon;II;X4,641,4,2.8G,4,64-bit,unset,unset,AMDAthlon_II_X4_641,AMD,100,512KB,4MB,unset,unset,unset
AMD;Athlon;Silver,3050C,2,2.3G,2,64-bit,unset,unset,AMDAthlon_Silver_3050C,AMD,15,192KB,1MB,4MB,unset,unset
AMD;Athlon;Silver,3050e,2,1.4G,4,64-bit,unset,unset,AMDAthlon_Silver_3050e,AMD,6,unset,1MB,4MB,2400M,DDR4
AMD;Athlon;Silver,3050GE,2,3.4G,4,64-bit,unset,unset,AMDAthlon_Silver_3050GE,AMD,35,192KB,1MB,4MB,2667M,DDR4
AMD;Athlon;Silver,3050U,2,2.3G,2,64-bit,unset,unset,AMDAthlon_Silver_3050U,AMD,15,192KB,1MB,4MB,2400M,DDR4
AMD;Athlon;Silver;3125GE,PRO,2,3.4G,4,64-bit,unset,unset,AMDAthlon_Silver_PRO_3125GE,AMD,35,192KB,1MB,4MB,2667M,DDR4
AMD;Athlon;X4,740,4,3.2G,4,64-bit,unset,unset,AMDAthlon_X4_740,AMD,65,unset,4MB,unset,unset,unset
AMD;Athlon;X4,750,4,3.4G,4,64-bit,unset,unset,AMDAthlon_X4_750,AMD,65,192KB,4MB,unset,1866M,DDR3
AMD;Athlon;X4,750K,4,3.4G,4,64-bit,unset,unset,AMDAthlon_X4_750K,AMD,100,unset,4MB,unset,unset,unset
AMD;Athlon;X4,760K,4,3.8G,4,64-bit,unset,unset,AMDAthlon_X4_760K,AMD,100,unset,4MB,unset,unset,unset
AMD;Athlon;X4,845,4,3.5G,4,64-bit,MMX;SSE;SSE2;SSE3;SSSE3;SSE4a;SSE4.1;SSE4.2;AVX;AVX2,unset,AMDAthlon_X4_845,AMD,unset,unset,2MB,unset,2133M,DDR3
AMD;Athlon;X4,860K,4,3.7G,4,64-bit,unset,unset,AMDAthlon_X4_860K,AMD,95,128KB,4MB,unset,2133M,DDR3
AMD;Athlon;X4,870K,4,3.9G,4,64-bit,unset,unset,AMDAthlon_X4_870K,AMD,95,128KB,4MB,unset,2133M,DDR3
AMD;Athlon;X4,880K,4,4.0G,4,64-bit,unset,unset,AMDAthlon_X4_880K,AMD,95,256KB,4MB,unset,2133M,DDR3
AMD;E1,2100,2,1.0G,2,64-bit,unset,unset,AMD_E1_2100,AMD,9,unset,1MB,unset,unset,unset
AMD;E1,2200,2,1.0G,2,64-bit,unset,unset,AMD_E1_2200,AMD,9,unset,1MB,unset,unset,unset
AMD;E1,2500,2,1.4G,2,64-bit,unset,unset,AMD_E1_2500,AMD,15,unset,1MB,unset,unset,unset
AMD;E1,6010,2,1.35G,2,64-bit,unset,unset,AMD_E1_6010,AMD,10,unset,1MB,unset,unset,unset
AMD;E1,7010,2,1.5G,2,64-bit,unset,unset,AMD_E1_7010,AMD,10,unset,1MB,unset,1333M,DDR3L
AMD;E1;Micro,6200T,2,1.4G,2,64-bit,unset,unset,AMD_E1_Micro_6200T,AMD,3.95,unset,1MB,unset,unset,unset
AMD;E2,3000,2,1.65G,2,64-bit,unset,unset,AMD_E2_3000,AMD,15,unset,1MB,unset,unset,unset
AMD;E2,3800,4,1.3G,4,64-bit,unset,unset,AMD_E2_3800,AMD,15,128KB,2MB,unset,1600M,DDR3
AMD;E2,6110,4,1.5G,4,64-bit,unset,unset,AMD_E2_6110,AMD,15,unset,2MB,unset,1600M,DDR3
AMD;E2,7110,4,1.8G,4,64-bit,unset,unset,AMD_E2_7110,AMD,65,unset,2MB,unset,1600M,DDR3L
AMD;E2;7;9010,APU,2,200M,2,64-bit,unset,unset,AMD_E2_7_9010_APU,AMD,15,unset,1MB,unset,186M,DDR4
AMD;EPYC,7232P,8,3.1G,16,64-bit,MMX;SSE;SSE2;SSE3;SSSE3;SSE4a;SSE4.1;SSE4.2;AVX;AVX2,Zen,AMDEPYC_7232P,AMD,120,unset,unset,32MB,3200M,DDR4
AMD;EPYC,7251,8,2.1G,16,64-bit,MMX;SSE;SSE2;SSE3;SSSE3;SSE4a;SSE4.1;SSE4.2;AVX;AVX2,Zen,AMDEPYC_7251,AMD,120,unset,unset,32MB,2400M,DDR4
AMD;EPYC,7252,8,3.1G,16,64-bit,MMX;SSE;SSE2;SSE3;SSSE3;SSE4a;SSE4.1;SSE4.2;AVX;AVX2,Zen,AMDEPYC_7252,AMD,120,unset,unset,64MB,3200M,DDR4
AMD;EPYC,7261,8,2.5G,16,64-bit,MMX;SSE;SSE2;SSE3;SSSE3;SSE4a;SSE4.1;SSE4.2;AVX;AVX2,Zen,AMDEPYC_7261,AMD,155/170,unset,unset,64MB,2666M,DDR4
AMD;EPYC,7262,8,3.2G,16,64-bit,MMX;SSE;SSE2;SSE3;SSSE3;SSE4a;SSE4.1;SSE4.2;AVX;AVX2,Zen,AMDEPYC_7262,AMD,155,unset,unset,128MB,3200M,DDR4
AMD;EPYC,7272,12,2.9G,24,64-bit,MMX;SSE;SSE2;SSE3;SSSE3;SSE4a;SSE4.1;SSE4.2;AVX;AVX2,Zen,AMDEPYC_7272,AMD,120,unset,unset,64MB,3200M,DDR4
AMD;EPYC,7281,16,2.1G,32,64-bit,MMX;SSE;SSE2;SSE3;SSSE3;SSE4a;SSE4.1;SSE4.2;AVX;AVX2,Zen,AMDEPYC_7281,AMD,155/170,unset,unset,32MB,2666M,DDR4
AMD;EPYC,7282,16,2.8G,32,64-bit,MMX;SSE;SSE2;SSE3;SSSE3;SSE4a;SSE4.1;SSE4.2;AVX;AVX2,Zen,AMDEPYC_7282,AMD,120,unset,unset,64MB,3200M,DDR4
AMD;EPYC,72F3,8,3.7G,16,64-bit,MMX;SSE;SSE2;SSE3;SSSE3;SSE4a;SSE4.1;SSE4.2;AVX;AVX2,Zen,AMDEPYC_72F3,AMD,180,unset,unset,256MB,3200M,DDR4
AMD;EPYC,7301,16,2.2G,32,64-bit,MMX;SSE;SSE2;SSE3;SSSE3;SSE4a;SSE4.1;SSE4.2;AVX;AVX2,Zen,AMDEPYC_7301,AMD,155/170,unset,unset,64MB,2666M,DDR4
AMD;EPYC,7302,16,3.0G,32,64-bit,MMX;SSE;SSE2;SSE3;SSSE3;SSE4a;SSE4.1;SSE4.2;AVX;AVX2,Zen,AMDEPYC_7302,AMD,155,unset,unset,128MB,3200M,DDR4
AMD;EPYC,7302P,16,3.0G,32,64-bit,MMX;SSE;SSE2;SSE3;SSSE3;SSE4a;SSE4.1;SSE4.2;AVX;AVX2,Zen,AMDEPYC_7302P,AMD,155,unset,unset,128MB,3200M,DDR4
AMD;EPYC,7313,16,3.0G,32,64-bit,MMX;SSE;SSE2;SSE3;SSSE3;SSE4a;SSE4.1;SSE4.2;AVX;AVX2,Zen,AMDEPYC_7313,AMD,155,unset,unset,128MB,3200M,DDR4
AMD;EPYC,7313P,16,3.0G,32,64-bit,MMX;SSE;SSE2;SSE3;SSSE3;SSE4a;SSE4.1;SSE4.2;AVX;AVX2,Zen,AMDEPYC_7313P,AMD,155,unset,unset,128MB,3200M,DDR4
AMD;EPYC,7343,16,3.2G,32,64-bit,MMX;SSE;SSE2;SSE3;SSSE3;SSE4a;SSE4.1;SSE4.2;AVX;AVX2,Zen,AMDEPYC_7343,AMD,190,unset,unset,128MB,3200M,DDR4
AMD;EPYC,7351,16,2.4G,32,64-bit,MMX;SSE;SSE2;SSE3;SSSE3;SSE4a;SSE4.1;SSE4.2;AVX;AVX2,Zen,AMDEPYC_7351,AMD,155/170,unset,unset,64MB,2666M,DDR4
AMD;EPYC,7351P,16,2.4G,32,64-bit,MMX;SSE;SSE2;SSE3;SSSE3;SSE4a;SSE4.1;SSE4.2;AVX;AVX2,Zen,AMDEPYC_7351P,AMD,155/170,unset,unset,64MB,2666M,DDR4
AMD;EPYC,7352,24,2.3G,48,64-bit,MMX;SSE;SSE2;SSE3;SSSE3;SSE4a;SSE4.1;SSE4.2;AVX;AVX2,Zen,AMDEPYC_7352,AMD,155,unset,unset,128MB,3200M,DDR4
AMD;EPYC,7371,16,3.1G,32,64-bit,MMX;SSE;SSE2;SSE3;SSSE3;SSE4a;SSE4.1;SSE4.2;AVX;AVX2,Zen,AMDEPYC_7371,AMD,200,unset,unset,64MB,2666M,DDR4
AMD;EPYC,7373X,16,3.05G,32,64-bit,MMX;SSE;SSE2;SSE3;SSSE3;SSE4a;SSE4.1;SSE4.2;AVX;AVX2,Zen,AMDEPYC_7373X,AMD,240,unset,unset,768MB,3200M,DDR4
AMD;EPYC,73F3,16,3.5G,32,64-bit,MMX;SSE;SSE2;SSE3;SSSE3;SSE4a;SSE4.1;SSE4.2;AVX;AVX2,Zen,AMDEPYC_73F3,AMD,240,unset,unset,256MB,3200M,DDR4
AMD;EPYC,7401,24,2.0G,48,64-bit,MMX;SSE;SSE2;SSE3;SSSE3;SSE4a;SSE4.1;SSE4.2;AVX;AVX2,Zen,AMDEPYC_7401,AMD,155/170,unset,unset,64MB,2666M,DDR4
AMD;EPYC,7401,24,2.0G,48,64-bit,MMX;SSE;SSE2;SSE3;SSSE3;SSE4a;SSE4.1;SSE4.2;AVX;AVX2,Zen,AMDEPYC_7401,AMD,155/170,unset,unset,64MB,2666M,DDR4
AMD;EPYC,7402,24,2.8G,48,64-bit,MMX;SSE;SSE2;SSE3;SSSE3;SSE4a;SSE4.1;SSE4.2;AVX;AVX2,Zen,AMDEPYC_7402,AMD,180,unset,unset,128MB,3200M,DDR4
AMD;EPYC,7402,24,2.8G,48,64-bit,MMX;SSE;SSE2;SSE3;SSSE3;SSE4a;SSE4.1;SSE4.2;AVX;AVX2,Zen,AMDEPYC_7402,AMD,180,unset,unset,128MB,3200M,DDR4
AMD;EPYC,7413,24,2.65G,48,64-bit,MMX;SSE;SSE2;SSE3;SSSE3;SSE4a;SSE4.1;SSE4.2;AVX;AVX2,Zen,AMDEPYC_7413,AMD,180,unset,unset,128MB,3200M,DDR4
AMD;EPYC,7443,24,2.85G,48,64-bit,MMX;SSE;SSE2;SSE3;SSSE3;SSE4a;SSE4.1;SSE4.2;AVX;AVX2,Zen,AMDEPYC_7443,AMD,200,unset,unset,128MB,3200M,DDR4
AMD;EPYC,7443,24,2.85G,48,64-bit,MMX;SSE;SSE2;SSE3;SSSE3;SSE4a;SSE4.1;SSE4.2;AVX;AVX2,Zen,AMDEPYC_7443,AMD,200,unset,unset,128MB,3200M,DDR4
AMD;EPYC,7451,24,2.3G,48,64-bit,MMX;SSE;SSE2;SSE3;SSSE3;SSE4a;SSE4.1;SSE4.2;AVX;AVX2,Zen,AMDEPYC_7451,AMD,180,unset,unset,64MB,2666M,DDR4
AMD;EPYC,7452,32,2.35G,64,64-bit,MMX;SSE;SSE2;SSE3;SSSE3;SSE4a;SSE4.1;SSE4.2;AVX;AVX2,Zen,AMDEPYC_7452,AMD,155,unset,unset,128MB,3200M,DDR4
AMD;EPYC,7453,28,2.75G,56,64-bit,MMX;SSE;SSE2;SSE3;SSSE3;SSE4a;SSE4.1;SSE4.2;AVX;AVX2,Zen,AMDEPYC_7453,AMD,225,unset,unset,64MB,3200M,DDR4
AMD;EPYC,7473X,24,2.8G,48,64-bit,MMX;SSE;SSE2;SSE3;SSSE3;SSE4a;SSE4.1;SSE4.2;AVX;AVX2,Zen,AMDEPYC_7473X,AMD,240,unset,unset,768MB,3200M,DDR4
AMD;EPYC,74F3,24,3.2G,48,64-bit,MMX;SSE;SSE2;SSE3;SSSE3;SSE4a;SSE4.1;SSE4.2;AVX;AVX2,Zen,AMDEPYC_74F3,AMD,240,unset,unset,256MB,3200M,DDR4
AMD;EPYC,7501,32,2.0G,64,64-bit,MMX;SSE;SSE2;SSE3;SSSE3;SSE4a;SSE4.1;SSE4.2;AVX;AVX2,Zen,AMDEPYC_7501,AMD,155/170,unset,unset,64MB,2666M,DDR4
AMD;EPYC,7502,32,2.5G,64,64-bit,MMX;SSE;SSE2;SSE3;SSSE3;SSE4a;SSE4.1;SSE4.2;AVX;AVX2,Zen,AMDEPYC_7502,AMD,180,unset,unset,128MB,3200M,DDR4
AMD;EPYC,7502,32,2.5G,64,64-bit,MMX;SSE;SSE2;SSE3;SSSE3;SSE4a;SSE4.1;SSE4.2;AVX;AVX2,Zen,AMDEPYC_7502,AMD,180,unset,unset,128MB,3200M,DDR4
AMD;EPYC,7513,32,2.6G,64,64-bit,MMX;SSE;SSE2;SSE3;SSSE3;SSE4a;SSE4.1;SSE4.2;AVX;AVX2,Zen,AMDEPYC_7513,AMD,200,unset,unset,128MB,3200M,DDR4
AMD;EPYC,7532,32,2.4G,64,64-bit,MMX;SSE;SSE2;SSE3;SSSE3;SSE4a;SSE4.1;SSE4.2;AVX;AVX2,Zen,AMDEPYC_7532,AMD,200,unset,unset,256MB,3200M,DDR4
AMD;EPYC,7542,32,2.9G,64,64-bit,MMX;SSE;SSE2;SSE3;SSSE3;SSE4a;SSE4.1;SSE4.2;AVX;AVX2,Zen,AMDEPYC_7542,AMD,225,unset,unset,128MB,3200M,DDR4
AMD;EPYC,7543,32,2.8G,64,64-bit,MMX;SSE;SSE2;SSE3;SSSE3;SSE4a;SSE4.1;SSE4.2;AVX;AVX2,Zen,AMDEPYC_7543,AMD,225,unset,unset,256MB,3200M,DDR4
AMD;EPYC,7543,32,2.8G,64,64-bit,MMX;SSE;SSE2;SSE3;SSSE3;SSE4a;SSE4.1;SSE4.2;AVX;AVX2,Zen,AMDEPYC_7543,AMD,225,unset,unset,256MB,3200M,DDR4
AMD;EPYC,7551,32,2.0G,64,64-bit,MMX;SSE;SSE2;SSE3;SSSE3;SSE4a;SSE4.1;SSE4.2;AVX;AVX2,Zen,AMDEPYC_7551,AMD,180,unset,unset,64MB,2666M,DDR4
AMD;EPYC,7551,32,2.0G,64,64-bit,MMX;SSE;SSE2;SSE3;SSSE3;SSE4a;SSE4.1;SSE4.2;AVX;AVX2,Zen,AMDEPYC_7551,AMD,180,unset,unset,64MB,2666M,DDR4
AMD;EPYC,7552,48,2.2G,96,64-bit,MMX;SSE;SSE2;SSE3;SSSE3;SSE4a;SSE4.1;SSE4.2;AVX;AVX2,Zen,AMDEPYC_7552,AMD,200,unset,unset,192MB,3200M,DDR4
AMD;EPYC,7573X,32,2.8G,64,64-bit,MMX;SSE;SSE2;SSE3;SSSE3;SSE4a;SSE4.1;SSE4.2;AVX;AVX2,Zen,AMDEPYC_7573X,AMD,280,unset,unset,768MB,3200M,DDR4
AMD;EPYC,75F3,32,2.95G,64,64-bit,MMX;SSE;SSE2;SSE3;SSSE3;SSE4a;SSE4.1;SSE4.2;AVX;AVX2,Zen,AMDEPYC_75F3,AMD,280,unset,unset,256MB,3200M,DDR4
AMD;EPYC,7601,32,2.2G,64,64-bit,MMX;SSE;SSE2;SSE3;SSSE3;SSE4a;SSE4.1;SSE4.2;AVX;AVX2,Zen,AMDEPYC_7601,AMD,180,unset,unset,64MB,2666M,DDR4
AMD;EPYC,7642,48,2.3G,96,64-bit,MMX;SSE;SSE2;SSE3;SSSE3;SSE4a;SSE4.1;SSE4.2;AVX;AVX2,Zen,AMDEPYC_7642,AMD,225,unset,unset,256MB,3200M,DDR4
AMD;EPYC,7643,48,2.3G,96,64-bit,MMX;SSE;SSE2;SSE3;SSSE3;SSE4a;SSE4.1;SSE4.2;AVX;AVX2,Zen,AMDEPYC_7643,AMD,225,unset,unset,256MB,3200M,DDR4
AMD;EPYC,7662,64,2.0G,128,64-bit,MMX;SSE;SSE2;SSE3;SSSE3;SSE4a;SSE4.1;SSE4.2;AVX;AVX2,Zen,AMDEPYC_7662,AMD,225,unset,unset,256MB,3200M,DDR4
AMD;EPYC,7663,56,2.0G,112,64-bit,MMX;SSE;SSE2;SSE3;SSSE3;SSE4a;SSE4.1;SSE4.2;AVX;AVX2,Zen,AMDEPYC_7663,AMD,240,unset,unset,256MB,3200M,DDR4
AMD;EPYC,7702,64,2.0G,128,64-bit,MMX;SSE;SSE2;SSE3;SSSE3;SSE4a;SSE4.1;SSE4.2;AVX;AVX2,Zen,AMDEPYC_7702,AMD,200,unset,unset,256MB,3200M,DDR4
AMD;EPYC,7702,64,2.0G,128,64-bit,MMX;SSE;SSE2;SSE3;SSSE3;SSE4a;SSE4.1;SSE4.2;AVX;AVX2,Zen,AMDEPYC_7702,AMD,200,unset,unset,256MB,3200M,DDR4
AMD;EPYC,7713,64,2.0G,128,64-bit,MMX;SSE;SSE2;SSE3;SSSE3;SSE4a;SSE4.1;SSE4.2;AVX;AVX2,Zen,AMDEPYC_7713,AMD,225,unset,unset,256MB,3200M,DDR4
AMD;EPYC,7713,64,2.0G,128,64-bit,MMX;SSE;SSE2;SSE3;SSSE3;SSE4a;SSE4.1;SSE4.2;AVX;AVX2,Zen,AMDEPYC_7713,AMD,225,unset,unset,256MB,3200M,DDR4
AMD;EPYC,7742,64,2.25G,128,64-bit,MMX;SSE;SSE2;SSE3;SSSE3;SSE4a;SSE4.1;SSE4.2;AVX;AVX2,Zen,AMDEPYC_7742,AMD,225,unset,unset,256MB,3200M,DDR4
AMD;EPYC,7763,64,2.45G,128,64-bit,MMX;SSE;SSE2;SSE3;SSSE3;SSE4a;SSE4.1;SSE4.2;AVX;AVX2,Zen,AMDEPYC_7763,AMD,280,unset,unset,256MB,3200M,DDR4
AMD;EPYC,7773X,64,2.2G,128,64-bit,MMX;SSE;SSE2;SSE3;SSSE3;SSE4a;SSE4.1;SSE4.2;AVX;AVX2,Zen,AMDEPYC_7773X,AMD,280,unset,unset,768MB,3200M,DDR4
AMD;EPYC,7F32,8,3.7G,16,64-bit,MMX;SSE;SSE2;SSE3;SSSE3;SSE4a;SSE4.1;SSE4.2;AVX;AVX2,Zen,AMDEPYC_7F32,AMD,180,unset,unset,128MB,3200M,DDR4
AMD;EPYC,7F52,16,3.5G,32,64-bit,MMX;SSE;SSE2;SSE3;SSSE3;SSE4a;SSE4.1;SSE4.2;AVX;AVX2,Zen,AMDEPYC_7F52,AMD,240,unset,unset,256MB,3200M,DDR4
AMD;EPYC,7F72,24,3.2G,48,64-bit,MMX;SSE;SSE2;SSE3;SSSE3;SSE4a;SSE4.1;SSE4.2;AVX;AVX2,Zen,AMDEPYC_7F72,AMD,240,unset,unset,192MB,3200M,DDR4
AMD;EPYC,7H12,64,2.6G,128,64-bit,MMX;SSE;SSE2;SSE3;SSSE3;SSE4a;SSE4.1;SSE4.2;AVX;AVX2,Zen,AMDEPYC_7H12,AMD,280,unset,unset,256MB,3200M,DDR4
AMD;FX,4100,4,3.6G,4,64-bit,MMX;SSE;SSE2;SSE3;SSSE3;SSE4a;SSE4.1;SSE4.2;AVX,unset,AMD_FX_4100,AMD,95,192KB,4MB,8MB,1866M,DDR3
AMD;FX,4130,4,3.8G,4,64-bit,MMX;SSE;SSE2;SSE3;SSSE3;SSE4a;SSE4.1;SSE4.2;AVX,unset,AMD_FX_4130,AMD,125,192KB,4MB,4MB,1866M,DDR3
AMD;FX,4170,4,4.2G,4,64-bit,MMX;SSE;SSE2;SSE3;SSSE3;SSE4a;SSE4.1;SSE4.2;AVX,unset,AMD_FX_4170,AMD,125,192KB,4MB,8MB,unset,unset
AMD;FX,4300,4,3.8G,4,64-bit,MMX;SSE;SSE2;SSE3;SSSE3;SSE4a;SSE4.1;SSE4.2;AVX,unset,AMD_FX_4300,AMD,95,192KB,4MB,4MB,1866M,DDR3
AMD;FX,4320,4,4.0G,4,64-bit,MMX;SSE;SSE2;SSE3;SSSE3;SSE4a;SSE4.1;SSE4.2;AVX,unset,AMD_FX_4320,AMD,95,192KB,4MB,4MB,1866M,DDR3
AMD;FX,4350,4,4.2G,4,64-bit,MMX;SSE;SSE2;SSE3;SSSE3;SSE4a;SSE4.1;SSE4.2;AVX,unset,AMD_FX_4350,AMD,125,192KB,4MB,8MB,1866M,DDR3
AMD;FX,6100,6,3.3G,6,64-bit,MMX;SSE;SSE2;SSE3;SSSE3;SSE4a;SSE4.1;SSE4.2;AVX,unset,AMD_FX_6100,AMD,95,288KB,6MB,8MB,1866M,DDR3
AMD;FX,6200,6,3.8G,6,64-bit,MMX;SSE;SSE2;SSE3;SSSE3;SSE4a;SSE4.1;SSE4.2;AVX,unset,AMD_FX_6200,AMD,125,288KB,6MB,8MB,1866M,DDR3
AMD;FX,6300,6,3.5G,6,64-bit,MMX;SSE;SSE2;SSE3;SSSE3;SSE4a;SSE4.1;SSE4.2;AVX,unset,AMD_FX_6300,AMD,95,288KB,6MB,8MB,1866M,DDR3
AMD;FX,6350,6,3.9G,6,64-bit,MMX;SSE;SSE2;SSE3;SSSE3;SSE4a;SSE4.1;SSE4.2;AVX,unset,AMD_FX_6350,AMD,125,288KB,6MB,8MB,1866M,DDR3
AMD;FX,7500,4,2.1G,4,64-bit,MMX;SSE;SSE2;SSE3;SSSE3;SSE4a;SSE4.1;SSE4.2;AVX,unset,AMD_FX_7500,AMD,20,unset,4MB,unset,1600M,DDR3
AMD;FX,7600P,4,2.7G,4,64-bit,MMX;SSE;SSE2;SSE3;SSSE3;SSE4a;SSE4.1;SSE4.2;AVX,unset,AMD_FX_7600P,AMD,35,unset,4MB,unset,2133M,DDR3
AMD;FX,8120,8,3.1G,8,64-bit,MMX;SSE;SSE2;SSE3;SSSE3;SSE4a;SSE4.1;SSE4.2;AVX,unset,AMD_FX_8120,AMD,125,384KB,8MB,8MB,unset,unset
AMD;FX,8150,8,3.6G,8,64-bit,MMX;SSE;SSE2;SSE3;SSSE3;SSE4a;SSE4.1;SSE4.2;AVX,unset,AMD_FX_8150,AMD,125,384KB,8MB,8MB,unset,DDR3
AMD;FX,8300,8,3.3G,8,64-bit,MMX;SSE;SSE2;SSE3;SSSE3;SSE4a;SSE4.1;SSE4.2;AVX,unset,AMD_FX_8300,AMD,95,384KB,8MB,8MB,1866M,DDR3
AMD;FX,8310,8,3.4G,8,64-bit,MMX;SSE;SSE2;SSE3;SSSE3;SSE4a;SSE4.1;SSE4.2;AVX,unset,AMD_FX_8310,AMD,95,unset,8MB,unset,unset,unset
AMD;FX,8320,8,3.5G,8,64-bit,MMX;SSE;SSE2;SSE3;SSSE3;SSE4a;SSE4.1;SSE4.2;AVX,unset,AMD_FX_8320,AMD,125,384KB,8MB,8MB,1866M,DDR3
AMD;FX,8320E,8,3.2G,8,64-bit,MMX;SSE;SSE2;SSE3;SSSE3;SSE4a;SSE4.1;SSE4.2;AVX,unset,AMD_FX_8320E,AMD,95,384KB,8MB,8MB,1866M,DDR3
AMD;FX,8350,8,4.0G,8,64-bit,MMX;SSE;SSE2;SSE3;SSSE3;SSE4a;SSE4.1;SSE4.2;AVX,unset,AMD_FX_8350,AMD,125,384KB,8MB,8MB,1866M,DDR3
AMD;FX,8370,8,4.0G,8,64-bit,MMX;SSE;SSE2;SSE3;SSSE3;SSE4a;SSE4.1;SSE4.2;AVX,unset,AMD_FX_8370,AMD,125,384KB,8MB,8MB,1866M,DDR3
AMD;FX,8370,8,4.0G,8,64-bit,MMX;SSE;SSE2;SSE3;SSSE3;SSE4a;SSE4.1;SSE4.2;AVX,unset,AMD_FX_8370,AMD,125,384KB,8MB,8MB,1866M,DDR3
AMD;FX,8370,8,3.3G,8,64-bit,MMX;SSE;SSE2;SSE3;SSSE3;SSE4a;SSE4.1;SSE4.2;AVX,unset,AMD_FX_8370,AMD,95,384KB,8MB,8MB,1866M,DDR3
AMD;FX,8800P,4,2.1G,4,64-bit,MMX;SSE;SSE2;SSE3;SSSE3;SSE4a;SSE4.1;SSE4.2;AVX,unset,AMD_FX_8800P,AMD,15,unset,2MB,unset,2133M,DDR3
AMD;FX,9370,8,4.4G,8,64-bit,MMX;SSE;SSE2;SSE3;SSSE3;SSE4a;SSE4.1;SSE4.2;AVX,unset,AMD_FX_9370,AMD,220,384KB,8MB,8MB,1866M,DDR3
AMD;FX,9590,8,4.7G,8,64-bit,MMX;SSE;SSE2;SSE3;SSSE3;SSE4a;SSE4.1;SSE4.2;AVX,unset,AMD_FX_9590,AMD,220,384KB,8MB,8MB,1866M,DDR3
AMD;FX;7;9800P,APU,4,2.7G,4,64-bit,MMX;SSE;SSE2;SSE3;SSE4a,unset,AMD_FX_7_9800P_APU,AMD,15,unset,2MB,unset,1866M,DDR4
AMD;FX;7;9830P,APU,4,3.0G,4,64-bit,MMX;SSE;SSE2;SSE3;SSSE3;SSE4a;SSE4.1;SSE4.2;AVX,unset,AMD_FX_7_9830P_APU,AMD,35,unset,2MB,unset,2400M,DDR4
AMD;Opteron,3250,4,2.5G,4,64-bit,unset,Bulldozer,AMDOpteron_3250,AMD,45,192KB,4MB,4MB,2000M,DDR3
AMD;Opteron,3260,4,2.7G,4,64-bit,unset,Bulldozer,AMDOpteron_3260,AMD,45,192KB,4MB,4MB,2000M,DDR3
AMD;Opteron,3280,8,2.4G,8,64-bit,unset,Bulldozer,AMDOpteron_3280,AMD,65,384KB,8MB,8MB,2000M,DDR3
AMD;Opteron,3320,4,1.9G,4,64-bit,unset,Piledriver,AMDOpteron_3320,AMD,25,192KB,4MB,8MB,1400M,DDR3
AMD;Opteron,3350,4,2.8G,4,64-bit,unset,Piledriver,AMDOpteron_3350,AMD,45,192KB,4MB,8MB,2000M,DDR3
AMD;Opteron,3365,8,2.3G,8,64-bit,unset,Piledriver,AMDOpteron_3365,AMD,65,384KB,8MB,8MB,2000M,DDR3
AMD;Opteron,3380,8,2.6G,8,64-bit,unset,Piledriver,AMDOpteron_3380,AMD,65,384KB,8MB,8MB,2000M,DDR3
AMD;Opteron,4226,6,2.7G,6,64-bit,unset,Piledriver,AMDOpteron_4226,AMD,95,288KB,6MB,8MB,2000M,DDR3
AMD;Opteron,4228,6,2.8G,6,64-bit,unset,Piledriver,AMDOpteron_4228,AMD,65,288KB,6MB,8MB,2000M,DDR3
AMD;Opteron,4230,6,2.9G,6,64-bit,unset,Piledriver,AMDOpteron_4230,AMD,65,288KB,6MB,8MB,2000M,DDR3
AMD;Opteron,4234,6,3.1G,6,64-bit,unset,Piledriver,AMDOpteron_4234,AMD,95,288KB,6MB,8MB,2200M,DDR3
AMD;Opteron,4238,6,3.3G,6,64-bit,unset,Piledriver,AMDOpteron_4238,AMD,95,288KB,6MB,8MB,2200M,DDR3
AMD;Opteron,4240,6,3.4G,6,64-bit,unset,Piledriver,AMDOpteron_4240,AMD,95,288KB,6MB,8MB,unset,DDR3
AMD;Opteron,4256,8,1.6G,8,64-bit,unset,Piledriver,AMDOpteron_4256,AMD,35,384KB,8MB,8MB,1600M,DDR3
AMD;Opteron,4274,8,2.5G,8,64-bit,unset,Piledriver,AMDOpteron_4274,AMD,65,384KB,8MB,8MB,2000M,DDR3
AMD;Opteron,4276,8,2.6G,8,64-bit,unset,Piledriver,AMDOpteron_4276,AMD,65,384KB,8MB,8MB,2000M,DDR3
AMD;Opteron,4280,8,2.8G,8,64-bit,unset,Piledriver,AMDOpteron_4280,AMD,95,384KB,8MB,8MB,2200M,DDR3
AMD;Opteron,4284,8,3.0G,8,64-bit,unset,Piledriver,AMDOpteron_4284,AMD,95,384KB,8MB,8MB,2200M,DDR3
AMD;Opteron,4310,6,2.2G,6,64-bit,unset,Piledriver,AMDOpteron_4310,AMD,35,192KB,4MB,8MB,1600M,DDR3
AMD;Opteron,4332,6,3.0G,6,64-bit,unset,Piledriver,AMDOpteron_4332,AMD,65,288KB,6MB,8MB,2000M,DDR3
AMD;Opteron,4334,6,3.1G,6,64-bit,unset,Piledriver,AMDOpteron_4334,AMD,95,288KB,6MB,8MB,2000M,DDR3
AMD;Opteron,4340,6,3.5G,6,64-bit,unset,Piledriver,AMDOpteron_4340,AMD,95,288KB,6MB,8MB,2200M,DDR3
AMD;Opteron,4365,8,2.0G,8,64-bit,unset,Piledriver,AMDOpteron_4365,AMD,40,384KB,8MB,8MB,1600M,DDR3
AMD;Opteron,4376,8,2.6G,8,64-bit,unset,Piledriver,AMDOpteron_4376,AMD,65,384KB,8MB,8MB,2000M,DDR3
AMD;Opteron,4386,8,3.1G,8,64-bit,unset,Piledriver,AMDOpteron_4386,AMD,95,384KB,8MB,8MB,2200M,DDR3
AMD;Opteron,6132,8,2.2G,8,64-bit,unset,Piledriver,AMDOpteron_6132,AMD,85,1024KB,4MB,12MB,1800M,DDR3
AMD;Opteron,6140,8,2.6G,8,64-bit,unset,Piledriver,AMDOpteron_6140,AMD,115,1024KB,4MB,12MB,1800M,DDR3
AMD;Opteron,6166,12,1.8G,12,64-bit,unset,Piledriver,AMDOpteron_6166,AMD,85,1536KB,6MB,12MB,1800M,DDR3
AMD;Opteron,6176,12,2.3G,12,64-bit,unset,Piledriver,AMDOpteron_6176,AMD,115,1536KB,6MB,12MB,1800M,DDR3
AMD;Opteron,6180,12,2.5G,12,64-bit,unset,Piledriver,AMDOpteron_6180,AMD,140,1536KB,6MB,12MB,1800M,DDR3
AMD;Opteron,6204,4,3.3G,4,64-bit,unset,Piledriver,AMDOpteron_6204,AMD,115,512KB,4MB,16MB,2000M,DDR3
AMD;Opteron,6212,8,2.6G,8,64-bit,unset,Piledriver,AMDOpteron_6212,AMD,115,384KB,8MB,16MB,2000M,DDR3
AMD;Opteron,6220,8,3.0G,8,64-bit,unset,Piledriver,AMDOpteron_6220,AMD,115,384KB,8MB,16MB,2000M,DDR3
AMD;Opteron,6234,12,2.4G,12,64-bit,unset,Piledriver,AMDOpteron_6234,AMD,115,576KB,12MB,16MB,2000M,DDR3
AMD;Opteron,6238,12,2.6G,12,64-bit,unset,Piledriver,AMDOpteron_6238,AMD,115,576KB,12MB,16MB,2000M,DDR3
AMD;Opteron,6262,16,1.6G,16,64-bit,unset,Piledriver,AMDOpteron_6262,AMD,85,768KB,16MB,16MB,1800M,DDR3
AMD;Opteron,6272,16,2.1G,16,64-bit,unset,Piledriver,AMDOpteron_6272,AMD,115,768KB,16MB,16MB,2000M,DDR3
AMD;Opteron,6274,16,2.2G,16,64-bit,unset,Piledriver,AMDOpteron_6274,AMD,115,768KB,16MB,16MB,2000M,DDR3
AMD;Opteron,6276,16,2.3G,16,64-bit,unset,Piledriver,AMDOpteron_6276,AMD,115,768KB,16MB,16MB,2000M,DDR3
AMD;Opteron,6278,16,2.4G,16,64-bit,unset,Piledriver,AMDOpteron_6278,AMD,115,768KB,16MB,16MB,2000M,DDR3
AMD;Opteron,6282,16,2.6G,16,64-bit,unset,Piledriver,AMDOpteron_6282,AMD,140,768KB,16MB,16MB,2000M,DDR3
AMD;Opteron,6284,16,2.7G,16,64-bit,unset,Piledriver,AMDOpteron_6284,AMD,140,768KB,16MB,16MB,2000M,DDR3
AMD;Opteron,6308,4,3.5G,4,64-bit,unset,Piledriver,AMDOpteron_6308,AMD,115,192KB,4MB,16MB,2000M,DDR3
AMD;Opteron,6320,8,2.8G,8,64-bit,unset,Piledriver,AMDOpteron_6320,AMD,115,384KB,8MB,16MB,2000M,DDR3
AMD;Opteron,6328,8,3.2G,8,64-bit,unset,Piledriver,AMDOpteron_6328,AMD,115,384KB,8MB,16MB,2000M,DDR3
AMD;Opteron,6338P,12,2.3G,12,64-bit,unset,Piledriver,AMDOpteron_6338P,AMD,99,48KB,12MB,16MB,2000M,DDR3
AMD;Opteron,6344,12,2.6G,12,64-bit,unset,Piledriver,AMDOpteron_6344,AMD,115,576KB,12MB,16MB,2000M,DDR3
AMD;Opteron,6348,12,2.8G,12,64-bit,unset,Piledriver,AMDOpteron_6348,AMD,115,576KB,12MB,16MB,2000M,DDR3
AMD;Opteron,6366,16,1.8G,16,64-bit,unset,unset,AMDOpteron_6366,AMD,85,768KB,16MB,16MB,1800M,DDR3
AMD;Opteron,6370P,16,2.0G,16,64-bit,unset,unset,AMDOpteron_6370P,AMD,99,48KB,16MB,16MB,2000M,DDR3
AMD;Opteron,6376,16,2.3G,16,64-bit,unset,unset,AMDOpteron_6376,AMD,115,768KB,16MB,16MB,2000M,DDR3
AMD;Opteron,6378,16,2.4G,16,64-bit,unset,unset,AMDOpteron_6378,AMD,115,768KB,16MB,16MB,2000M,DDR3
AMD;Opteron,X1150,4,2.0G,4,64-bit,unset,Jaguar,AMDOpteron_X1150,AMD,17,unset,2MB,unset,800M,DDR3
AMD;Opteron,X2170,4,2.4G,4,64-bit,unset,Jaguar,AMDOpteron_X2170,AMD,25,unset,2MB,unset,1866M,DDR3
AMD;Opteron;X2150,APU,4,1.9G,4,64-bit,unset,Jaguar,AMDOpteron_X2150_APU,AMD,22,unset,2MB,unset,unset,DDR3
AMD;Phenom;II,1045T,6,2.7G,6,64-bit,MMX;SSE;SSE2;SSE3;SSE4a,unset,AMDPhenom_II_1045T,AMD,95,768KB,3MB,6MB,unset,unset
AMD;Phenom;II,1075T,6,3.5G,6,64-bit,MMX;SSE;SSE2;SSE3;SSE4a,unset,AMDPhenom_II_1075T,AMD,95,768KB,3MB,6MB,unset,DDR3
AMD;Phenom;II,840,4,3.2G,4,64-bit,MMX;SSE;SSE2;SSE3;SSE4a,unset,AMDPhenom_II_840,AMD,95,512KB,2MB,unset,unset,DDR3
AMD;Phenom;II,850,4,3.3G,4,64-bit,MMX;SSE;SSE2;SSE3;SSE4a,unset,AMDPhenom_II_850,AMD,95,512KB,2MB,unset,unset,unset
AMD;Phenom;II,960T,4,3.0G,4,64-bit,MMX;SSE;SSE2;SSE3;SSE4a,unset,AMDPhenom_II_960T,AMD,95,512KB,512KB,unset,unset,unset
AMD;Phenom;II,965,4,3.4G,4,64-bit,MMX;SSE;SSE2;SSE3;SSE4a,unset,AMDPhenom_II_965,AMD,80,unset,2MB,unset,unset,unset
AMD;Phenom;II,975,4,3.6G,4,64-bit,MMX;SSE;SSE2;SSE3;SSE4a,unset,AMDPhenom_II_975,AMD,125,512KB,2MB,6MB,unset,DDR3
AMD;Phenom;II,980,4,3.7G,4,64-bit,MMX;SSE;SSE2;SSE3;SSE4a,unset,AMDPhenom_II_980,AMD,125,512KB,2MB,6MB,unset,DDR3
AMD;Phenom;II,N640,2,2.8G,2,64-bit,MMX;SSE;SSE2;SSE3;SSE4a,unset,AMDPhenom_II_N640,AMD,35,256KB,2MB,unset,unset,unset
AMD;Phenom;II,N660,2,3.0G,2,64-bit,MMX;SSE;SSE2;SSE3;SSE4a,unset,AMDPhenom_II_N660,AMD,35,256KB,2MB,unset,unset,DDR3
AMD;Phenom;II,N870,3,2.3G,3,64-bit,MMX;SSE;SSE2;SSE3;SSE4a,unset,AMDPhenom_II_N870,AMD,35,384KB,1.5MB,unset,unset,DDR3
AMD;Phenom;II,N960,4,1.8G,4,64-bit,MMX;SSE;SSE2;SSE3;SSE4a,unset,AMDPhenom_II_N960,AMD,35,512KB,2MB,unset,unset,DDR3
AMD;Phenom;II,N970,4,2.2G,4,64-bit,MMX;SSE;SSE2;SSE3;SSE4a,unset,AMDPhenom_II_N970,AMD,35,512KB,2MB,unset,unset,DDR3
AMD;Phenom;II,P650,2,2.6G,2,64-bit,MMX;SSE;SSE2;SSE3;SSE4a,unset,AMDPhenom_II_P650,AMD,35,256KB,2MB,unset,unset,DDR3
AMD;Phenom;II,P860,3,2.0G,3,64-bit,MMX;SSE;SSE2;SSE3;SSE4a,unset,AMDPhenom_II_P860,AMD,35,384KB,1.5MB,unset,unset,DDR3
AMD;Phenom;II,X940,4,2.4G,4,64-bit,MMX;SSE;SSE2;SSE3;SSE4a,unset,AMDPhenom_II_X940,AMD,45,512KB,2MB,unset,unset,DDR3
AMD;Phenom;II;X2,565,2,3.4G,2,64-bit,MMX;SSE;SSE2;SSE3;SSE4a,unset,AMDPhenom_II_X2_565,AMD,80,256KB,1MB,6MB,unset,DDR3
AMD;Phenom;II;X2;555,Black,2,3.2G,2,64-bit,MMX;SSE;SSE2;SSE3;SSE4a,unset,AMDPhenom_II_X2_Black_555,AMD,80,unset,1MB,unset,unset,unset
AMD;Phenom;II;X2;570,Black,2,4.0G,2,64-bit,MMX;SSE;SSE2;SSE3;SSE4a,unset,AMDPhenom_II_X2_Black_570,AMD,80,unset,unset,6MB,unset,DDR3
AMD;Phenom;X2,B57,2,3.2G,2,64-bit,Now3D;MMX;SSE;SSE2;SSE3;SSE4a,unset,AMDPhenom_X2_B57,AMD,80,unset,1MB,unset,unset,unset
AMD;Phenom;X2,B59,2,3.4G,2,64-bit,Now3D;MMX;SSE;SSE2;SSE3;SSE4a,unset,AMDPhenom_X2_B59,AMD,80,unset,1MB,unset,unset,unset
AMD;Phenom;X2,B60,2,3.5G,2,64-bit,Now3D;MMX;SSE;SSE2;SSE3;SSE4a,unset,AMDPhenom_X2_B60,AMD,80,unset,1MB,unset,unset,unset
AMD;Phenom;X3,B75,3,3.0G,3,64-bit,Now3D;MMX;SSE;SSE2;SSE3;SSE4a,unset,AMDPhenom_X3_B75,AMD,95,unset,1.5MB,unset,unset,unset
AMD;Phenom;X3,B77,3,3.2G,3,64-bit,Now3D;MMX;SSE;SSE2;SSE3;SSE4a,unset,AMDPhenom_X3_B77,AMD,95,unset,1.5MB,unset,unset,unset
AMD;Phenom;X4,B95,4,3.0G,4,64-bit,Now3D;MMX;SSE;SSE2;SSE3;SSE4a,unset,AMDPhenom_X4_B95,AMD,95,unset,2MB,unset,unset,unset
AMD;Phenom;X4,B97,4,3.2G,4,64-bit,Now3D;MMX;SSE;SSE2;SSE3;SSE4a,unset,AMDPhenom_X4_B97,AMD,95,unset,2MB,unset,unset,unset
AMD;Phenom;X4,B99,4,3.3G,4,64-bit,Now3D;MMX;SSE;SSE2;SSE3;SSE4a,unset,AMDPhenom_X4_B99,AMD,95,unset,2MB,unset,unset,unset
AMD;Ryzen;3,1300X,4,3.5G,4,64-bit,MMX;SSE;SSE2;SSE3;SSSE3;SSE4a;SSE4.1;SSE4.2;AVX;AVX2,Zen,AMDRyzen_3_1300X,AMD,65,384KB,2MB,8MB,2667M,DDR4
AMD;Ryzen;3,2200U,2,2.5G,4,64-bit,MMX;SSE;SSE2;SSE3;SSSE3;SSE4a;SSE4.1;SSE4.2;AVX;AVX2,Zen,AMDRyzen_3_2200U,AMD,15,384KB,1MB,4MB,2400M,DDR4
AMD;Ryzen;3,2300X,4,3.5G,4,64-bit,MMX;SSE;SSE2;SSE3;SSSE3;SSE4a;SSE4.1;SSE4.2;AVX;AVX2,Zen,AMDRyzen_3_2300X,AMD,65,384KB,2MB,8MB,2933M,DDR4
AMD;Ryzen;3,3100,4,3.6G,8,64-bit,MMX;SSE;SSE2;SSE3;SSSE3;SSE4a;SSE4.1;SSE4.2;AVX;AVX2,Zen,AMDRyzen_3_3100,AMD,65,256KB,2MB,16MB,3200M,DDR4
AMD;Ryzen;3,3200U,2,2.6G,4,64-bit,MMX;SSE;SSE2;SSE3;SSSE3;SSE4a;SSE4.1;SSE4.2;AVX;AVX2,Zen,AMDRyzen_3_3200U,AMD,15,192KB,1MB,4MB,2400M,unset
AMD;Ryzen;3,3250C,2,2.6G,4,64-bit,MMX;SSE;SSE2;SSE3;SSSE3;SSE4a;SSE4.1;SSE4.2;AVX;AVX2,Zen,AMDRyzen_3_3250C,AMD,15,192KB,1MB,4MB,unset,unset
AMD;Ryzen;3,3250U,2,2.6G,4,64-bit,MMX;SSE;SSE2;SSE3;SSSE3;SSE4a;SSE4.1;SSE4.2;AVX;AVX2,Zen,AMDRyzen_3_3250U,AMD,15,192KB,1MB,4MB,2400M,DDR4
AMD;Ryzen;3,3300X,4,3.8G,8,64-bit,MMX;SSE;SSE2;SSE3;SSSE3;SSE4a;SSE4.1;SSE4.2;AVX;AVX2,Zen,AMDRyzen_3_3300X,AMD,65,256KB,2MB,16MB,3200M,DDR4
AMD;Ryzen;3,3350U,4,2.1G,4,64-bit,MMX;SSE;SSE2;SSE3;SSSE3;SSE4a;SSE4.1;SSE4.2;AVX;AVX2,Zen,AMDRyzen_3_3350U,AMD,15,348KB,2MB,4MB,2400M,unset
AMD;Ryzen;3,4100,4,3.8G,8,64-bit,MMX;SSE;SSE2;SSE3;SSSE3;SSE4a;SSE4.1;SSE4.2;AVX;AVX2,Zen,AMDRyzen_3_4100,AMD,65,256KB,2MB,4MB,3200M,DDR4
AMD;Ryzen;3,4300G,4,3.8G,8,64-bit,MMX;SSE;SSE2;SSE3;SSSE3;SSE4a;SSE4.1;SSE4.2;AVX;AVX2,Zen,AMDRyzen_3_4300G,AMD,65,256KB,2MB,4MB,3200M,DDR4
AMD;Ryzen;3,4300GE,4,3.5G,8,64-bit,MMX;SSE;SSE2;SSE3;SSSE3;SSE4a;SSE4.1;SSE4.2;AVX;AVX2,Zen,AMDRyzen_3_4300GE,AMD,35,256KB,2MB,4MB,3200M,DDR4
AMD;Ryzen;3,4300U,4,2.7G,4,64-bit,MMX;SSE;SSE2;SSE3;SSSE3;SSE4a;SSE4.1;SSE4.2;AVX;AVX2,Zen,AMDRyzen_3_4300U,AMD,15,unset,2MB,4MB,unset,LPDDR4
AMD;Ryzen;3,5125C,2,3.0G,4,64-bit,MMX;SSE;SSE2;SSE3;SSSE3;SSE4a;SSE4.1;SSE4.2;AVX;AVX2,Zen,AMDRyzen_3_5125C,AMD,15,128KB,1MB,8MB,unset,DDR4
AMD;Ryzen;3,5300G,4,4.0G,8,64-bit,MMX;SSE;SSE2;SSE3;SSSE3;SSE4a;SSE4.1;SSE4.2;AVX;AVX2,Zen,AMDRyzen_3_5300G,AMD,65,unset,2MB,8MB,3200M,DDR4
AMD;Ryzen;3,5300GE,4,3.6G,8,64-bit,MMX;SSE;SSE2;SSE3;SSSE3;SSE4a;SSE4.1;SSE4.2;AVX;AVX2,Zen,AMDRyzen_3_5300GE,AMD,35,unset,2MB,8MB,3200M,DDR4
AMD;Ryzen;3,5300U,4,2.6G,8,64-bit,MMX;SSE;SSE2;SSE3;SSSE3;SSE4a;SSE4.1;SSE4.2;AVX;AVX2,Zen,AMDRyzen_3_5300U,AMD,15,unset,2MB,4MB,unset,LPDDR4
AMD;Ryzen;3,5400U,4,2.6G,8,64-bit,MMX;SSE;SSE2;SSE3;SSSE3;SSE4a;SSE4.1;SSE4.2;AVX;AVX2,Zen,AMDRyzen_3_5400U,AMD,15,unset,2MB,8MB,unset,LPDDR4
AMD;Ryzen;3,5425C,4,2.7G,8,64-bit,MMX;SSE;SSE2;SSE3;SSSE3;SSE4a;SSE4.1;SSE4.2;AVX;AVX2,Zen,AMDRyzen_3_5425C,AMD,15,256KB,2MB,8MB,unset,DDR4
AMD;Ryzen;3,5425U,4,2.7G,8,64-bit,MMX;SSE;SSE2;SSE3;SSSE3;SSE4a;SSE4.1;SSE4.2;AVX;AVX2,Zen,AMDRyzen_3_5425U,AMD,15,256KB,2MB,8MB,unset,DDR4
AMD;Ryzen;3;1200,,4,3.1G,4,64-bit,MMX;SSE;SSE2;SSE3;SSSE3;SSE4a;SSE4.1;SSE4.2;AVX;AVX2,Zen,AMDRyzen_3_1200,AMD,65,384KB,2MB,8MB,2667M,DDR4
AMD;Ryzen;3;1200,PRO,4,3.1G,4,64-bit,MMX;SSE;SSE2;SSE3;SSSE3;SSE4a;SSE4.1;SSE4.2;AVX;AVX2,Zen,AMDRyzen_3_PRO_1200,AMD,65,384KB,2MB,8MB,2667M,DDR4
AMD;Ryzen;3;1300,PRO,4,3.5G,4,64-bit,MMX;SSE;SSE2;SSE3;SSSE3;SSE4a;SSE4.1;SSE4.2;AVX;AVX2,Zen,AMDRyzen_3_PRO_1300,AMD,65,384KB,2MB,8MB,2667M,DDR4
AMD;Ryzen;3;2200G,,4,3.5G,4,64-bit,unset,Zen,AMDRyzen_3_2200G,AMD,65,384KB,2MB,4MB,2933M,DDR4
AMD;Ryzen;3;2200G,PRO,4,3.5G,4,64-bit,MMX;SSE;SSE2;SSE3;SSSE3;SSE4a;SSE4.1;SSE4.2;AVX;AVX2,Zen,AMDRyzen_3_PRO_2200G,AMD,65,384KB,2MB,4MB,2933M,unset
AMD;Ryzen;3;2200GE,,4,3.2G,4,64-bit,MMX;SSE;SSE2;SSE3;SSSE3;SSE4a;SSE4.1;SSE4.2;AVX;AVX2,Zen,AMDRyzen_3_2200GE,AMD,35,384KB,2MB,4MB,2933M,DDR4
AMD;Ryzen;3;2200GE,PRO,4,3.2G,4,64-bit,MMX;SSE;SSE2;SSE3;SSSE3;SSE4a;SSE4.1;SSE4.2;AVX;AVX2,Zen,AMDRyzen_3_PRO_2200GE,AMD,35,384KB,2MB,4MB,2933M,DDR4
AMD;Ryzen;3;2300U,,4,2.0G,4,64-bit,MMX;SSE;SSE2;SSE3;SSSE3;SSE4a;SSE4.1;SSE4.2;AVX;AVX2,Zen,AMDRyzen_3_2300U,AMD,15,384KB,2MB,4MB,2400M,DDR4
AMD;Ryzen;3;2300U,PRO,4,2.0G,4,64-bit,MMX;SSE;SSE2;SSE3;SSSE3;SSE4a;SSE4.1;SSE4.2;AVX;AVX2,Zen,AMDRyzen_3_PRO_2300U,AMD,15,384KB,2MB,4MB,2400M,DDR4
AMD;Ryzen;3;3200G,,4,3.6G,4,64-bit,MMX;SSE;SSE2;SSE3;SSSE3;SSE4a;SSE4.1;SSE4.2;AVX;AVX2,Zen,AMDRyzen_3_3200G,AMD,65,384KB,2MB,4MB,2933M,DDR4
AMD;Ryzen;3;3200G,PRO,4,3.6G,4,64-bit,MMX;SSE;SSE2;SSE3;SSSE3;SSE4a;SSE4.1;SSE4.2;AVX;AVX2,Zen,AMDRyzen_3_PRO_3200G,AMD,65,384KB,2MB,4MB,2933M,DDR4
AMD;Ryzen;3;3200GE,,4,3.3G,4,64-bit,MMX;SSE;SSE2;SSE3;SSSE3;SSE4a;SSE4.1;SSE4.2;AVX;AVX2,Zen,AMDRyzen_3_3200GE,AMD,35,384KB,2MB,4MB,2933M,unset
AMD;Ryzen;3;3200GE,PRO,4,3.3G,4,64-bit,MMX;SSE;SSE2;SSE3;SSSE3;SSE4a;SSE4.1;SSE4.2;AVX;AVX2,Zen,AMDRyzen_3_PRO_3200GE,AMD,35,384KB,2MB,4MB,2933M,DDR4
AMD;Ryzen;3;3300U,,4,2.1G,4,64-bit,MMX;SSE;SSE2;SSE3;SSSE3;SSE4a;SSE4.1;SSE4.2;AVX;AVX2,Zen,AMDRyzen_3_3300U,AMD,15,384KB,2MB,4MB,2400M,unset
AMD;Ryzen;3;3300U,PRO,4,2.1G,4,64-bit,MMX;SSE;SSE2;SSE3;SSSE3;SSE4a;SSE4.1;SSE4.2;AVX;AVX2,Zen,AMDRyzen_3_PRO_3300U,AMD,15,384KB,2MB,4MB,2400M,unset
AMD;Ryzen;3;4350G,PRO,4,3.8G,8,64-bit,MMX;SSE;SSE2;SSE3;SSSE3;SSE4a;SSE4.1;SSE4.2;AVX;AVX2,Zen,AMDRyzen_3_PRO_4350G,AMD,65,256KB,2MB,4MB,3200M,DDR4
AMD;Ryzen;3;4350GE,PRO,4,3.5G,8,64-bit,MMX;SSE;SSE2;SSE3;SSSE3;SSE4a;SSE4.1;SSE4.2;AVX;AVX2,Zen,AMDRyzen_3_PRO_4350GE,AMD,35,256KB,2MB,4MB,3200M,DDR4
AMD;Ryzen;3;4450U,PRO,4,2.5G,8,64-bit,MMX;SSE;SSE2;SSE3;SSSE3;SSE4a;SSE4.1;SSE4.2;AVX;AVX2,Zen,AMDRyzen_3_PRO_4450U,AMD,15,unset,2MB,4MB,unset,LPDDR4
AMD;Ryzen;3;5350G,PRO,4,4.0G,8,64-bit,MMX;SSE;SSE2;SSE3;SSSE3;SSE4a;SSE4.1;SSE4.2;AVX;AVX2,Zen,AMDRyzen_3_PRO_5350G,AMD,65,unset,2MB,8MB,3200M,DDR4
AMD;Ryzen;3;5350GE,PRO,4,3.6G,8,64-bit,MMX;SSE;SSE2;SSE3;SSSE3;SSE4a;SSE4.1;SSE4.2;AVX;AVX2,Zen,AMDRyzen_3_PRO_5350GE,AMD,35,unset,2MB,8MB,3200M,DDR4
AMD;Ryzen;3;5450U,PRO,4,2.6G,8,64-bit,MMX;SSE;SSE2;SSE3;SSSE3;SSE4a;SSE4.1;SSE4.2;AVX;AVX2,Zen,AMDRyzen_3_PRO_5450U,AMD,15,unset,2MB,8MB,4266M,DDR4
AMD;Ryzen;3;5475U,PRO,4,2.7G,8,64-bit,MMX;SSE;SSE2;SSE3;SSSE3;SSE4a;SSE4.1;SSE4.2;AVX;AVX2,Zen,AMDRyzen_3_PRO_5475U,AMD,15,256KB,2MB,8MB,unset,DDR4
AMD;Ryzen;5,1400,4,3.2G,8,64-bit,MMX;SSE;SSE2;SSE3;SSSE3;SSE4a;SSE4.1;SSE4.2;AVX;AVX2,Zen,AMDRyzen_5_1400,AMD,65,384KB,2MB,8MB,2667M,DDR4
AMD;Ryzen;5,1500X,4,3.5G,8,64-bit,MMX;SSE;SSE2;SSE3;SSSE3;SSE4a;SSE4.1;SSE4.2;AVX;AVX2,Zen,AMDRyzen_5_1500X,AMD,65,384KB,2MB,16MB,2667M,DDR4
AMD;Ryzen;5,1600X,6,3.6G,12,64-bit,MMX;SSE;SSE2;SSE3;SSSE3;SSE4a;SSE4.1;SSE4.2;AVX;AVX2,Zen,AMDRyzen_5_1600X,AMD,95,576KB,3MB,16MB,2667M,DDR4
AMD;Ryzen;5,2500X,4,3.6G,8,64-bit,MMX;SSE;SSE2;SSE3;SSSE3;SSE4a;SSE4.1;SSE4.2;AVX;AVX2,Zen,AMDRyzen_5_2500X,AMD,65,384KB,2MB,8MB,2933M,DDR4
AMD;Ryzen;5,2600E,6,3.1G,12,64-bit,MMX;SSE;SSE2;SSE3;SSSE3;SSE4a;SSE4.1;SSE4.2;AVX;AVX2,Zen,AMDRyzen_5_2600E,AMD,45,578KB,3MB,16MB,2667M,DDR4
AMD;Ryzen;5,2600H,4,3.2G,8,64-bit,MMX;SSE;SSE2;SSE3;SSSE3;SSE4a;SSE4.1;SSE4.2;AVX;AVX2,Zen,AMDRyzen_5_2600H,AMD,45,192KB,2MB,4MB,3200M,unset
AMD;Ryzen;5,2600X,6,3.6G,12,64-bit,MMX;SSE;SSE2;SSE3;SSSE3;SSE4a;SSE4.1;SSE4.2;AVX;AVX2,Zen,AMDRyzen_5_2600X,AMD,95,576KB,3MB,16MB,2933M,DDR4
AMD;Ryzen;5,3450U,4,2.1G,8,64-bit,MMX;SSE;SSE2;SSE3;SSSE3;SSE4a;SSE4.1;SSE4.2;AVX;AVX2,Zen,AMDRyzen_5_3450U,AMD,15,384KB,2MB,4MB,2400M,unset
AMD;Ryzen;5,3500,6,3.6G,6,64-bit,MMX;SSE;SSE2;SSE3;SSSE3;SSE4a;SSE4.1;SSE4.2;AVX;AVX2,Zen,AMDRyzen_5_3500,AMD,65,384KB,3MB,16MB,3200M,DDR4
AMD;Ryzen;5,3500C,4,2.1G,8,64-bit,MMX;SSE;SSE2;SSE3;SSSE3;SSE4a;SSE4.1;SSE4.2;AVX;AVX2,Zen,AMDRyzen_5_3500C,AMD,15,384KB,2MB,4MB,unset,unset
AMD;Ryzen;5,3550H,4,2.1G,8,64-bit,MMX;SSE;SSE2;SSE3;SSSE3;SSE4a;SSE4.1;SSE4.2;AVX;AVX2,Zen,AMDRyzen_5_3550H,AMD,35,384KB,2MB,4MB,2400M,unset
AMD;Ryzen;5,3580U,4,2.1G,8,64-bit,MMX;SSE;SSE2;SSE3;SSSE3;SSE4a;SSE4.1;SSE4.2;AVX;AVX2,Zen,AMDRyzen_5_3580U,AMD,15,384KB,2MB,4MB,2400M,unset
AMD;Ryzen;5,3600X,6,3.8G,12,64-bit,MMX;SSE;SSE2;SSE3;SSSE3;SSE4a;SSE4.1;SSE4.2;AVX;AVX2,Zen,AMDRyzen_5_3600X,AMD,95,384KB,3MB,32MB,3200M,DDR4
AMD;Ryzen;5,3600XT,6,3.8G,12,64-bit,MMX;SSE;SSE2;SSE3;SSSE3;SSE4a;SSE4.1;SSE4.2;AVX;AVX2,Zen,AMDRyzen_5_3600XT,AMD,95,unset,3MB,32MB,3200M,DDR4
AMD;Ryzen;5,4500,6,3.6G,12,64-bit,MMX;SSE;SSE2;SSE3;SSSE3;SSE4a;SSE4.1;SSE4.2;AVX;AVX2,Zen,AMDRyzen_5_4500,AMD,65,384KB,3MB,8MB,3200M,DDR4
AMD;Ryzen;5,4500U,6,2.3G,6,64-bit,MMX;SSE;SSE2;SSE3;SSSE3;SSE4a;SSE4.1;SSE4.2;AVX;AVX2,Zen,AMDRyzen_5_4500U,AMD,15,unset,3MB,8MB,unset,LPDDR4
AMD;Ryzen;5,4600G,6,3.7G,12,64-bit,MMX;SSE;SSE2;SSE3;SSSE3;SSE4a;SSE4.1;SSE4.2;AVX;AVX2,Zen,AMDRyzen_5_4600G,AMD,65,384KB,3MB,8MB,3200M,DDR4
AMD;Ryzen;5,4600GE,6,3.3G,12,64-bit,MMX;SSE;SSE2;SSE3;SSSE3;SSE4a;SSE4.1;SSE4.2;AVX;AVX2,Zen,AMDRyzen_5_4600GE,AMD,35,384KB,3MB,8MB,3200M,DDR4
AMD;Ryzen;5,4600H,6,3.0G,12,64-bit,MMX;SSE;SSE2;SSE3;SSSE3;SSE4a;SSE4.1;SSE4.2;AVX;AVX2,Zen,AMDRyzen_5_4600H,AMD,45,unset,3MB,8MB,unset,LPDDR4
AMD;Ryzen;5,4600U,6,2.1G,12,64-bit,MMX;SSE;SSE2;SSE3;SSSE3;SSE4a;SSE4.1;SSE4.2;AVX;AVX2,Zen,AMDRyzen_5_4600U,AMD,15,unset,3MB,8MB,unset,LPDDR4
AMD;Ryzen;5,4680U,6,2.2G,12,64-bit,MMX;SSE;SSE2;SSE3;SSSE3;SSE4a;SSE4.1;SSE4.2;AVX;AVX2,Zen,AMDRyzen_5_4680U,AMD,15,384KB,3MB,8MB,4267M,LPDDR4
AMD;Ryzen;5,5500,6,3.6G,12,64-bit,MMX;SSE;SSE2;SSE3;SSSE3;SSE4a;SSE4.1;SSE4.2;AVX;AVX2,Zen,AMDRyzen_5_5500,AMD,65,384KB,3MB,16MB,3200M,DDR4
AMD;Ryzen;5,5500U,6,2.1G,12,64-bit,MMX;SSE;SSE2;SSE3;SSSE3;SSE4a;SSE4.1;SSE4.2;AVX;AVX2,Zen,AMDRyzen_5_5500U,AMD,15,unset,3MB,8MB,unset,LPDDR4
AMD;Ryzen;5,5560U,6,2.3G,12,64-bit,MMX;SSE;SSE2;SSE3;SSSE3;SSE4a;SSE4.1;SSE4.2;AVX;AVX2,Zen,AMDRyzen_5_5560U,AMD,15,384KB,3MB,8MB,unset,DDR4X
AMD;Ryzen;5,5600,6,3.5G,12,64-bit,MMX;SSE;SSE2;SSE3;SSSE3;SSE4a;SSE4.1;SSE4.2;AVX;AVX2,Zen,AMDRyzen_5_5600,AMD,65,384KB,3MB,32MB,3200M,DDR4
AMD;Ryzen;5,5600G,6,3.9G,12,64-bit,MMX;SSE;SSE2;SSE3;SSSE3;SSE4a;SSE4.1;SSE4.2;AVX;AVX2,Zen,AMDRyzen_5_5600G,AMD,65,unset,3MB,16MB,3200M,DDR4
AMD;Ryzen;5,5600GE,6,3.4G,12,64-bit,MMX;SSE;SSE2;SSE3;SSSE3;SSE4a;SSE4.1;SSE4.2;AVX;AVX2,Zen,AMDRyzen_5_5600GE,AMD,35,unset,3MB,16MB,3200M,DDR4
AMD;Ryzen;5,5600H,6,3.3G,12,64-bit,MMX;SSE;SSE2;SSE3;SSSE3;SSE4a;SSE4.1;SSE4.2;AVX;AVX2,Zen,AMDRyzen_5_5600H,AMD,45,unset,3MB,16MB,unset,LPDDR4
AMD;Ryzen;5,5600HS,6,3.0G,12,64-bit,MMX;SSE;SSE2;SSE3;SSSE3;SSE4a;SSE4.1;SSE4.2;AVX;AVX2,Zen,AMDRyzen_5_5600HS,AMD,35,unset,3MB,16MB,unset,LPDDR4
AMD;Ryzen;5,5600U,6,2.3G,12,64-bit,MMX;SSE;SSE2;SSE3;SSSE3;SSE4a;SSE4.1;SSE4.2;AVX;AVX2,Zen,AMDRyzen_5_5600U,AMD,15,unset,3MB,16MB,unset,LPDDR4
AMD;Ryzen;5,5600X,6,3.7G,12,64-bit,MMX;SSE;SSE2;SSE3;SSSE3;SSE4a;SSE4.1;SSE4.2;AVX;AVX2,Zen,AMDRyzen_5_5600X,AMD,65,unset,3MB,32MB,3200M,DDR4
AMD;Ryzen;5,5625C,6,2.3G,12,64-bit,MMX;SSE;SSE2;SSE3;SSSE3;SSE4a;SSE4.1;SSE4.2;AVX;AVX2,Zen,AMDRyzen_5_5625C,AMD,15,384KB,3MB,16MB,unset,DDR4
AMD;Ryzen;5,5625U,6,2.3G,12,64-bit,MMX;SSE;SSE2;SSE3;SSSE3;SSE4a;SSE4.1;SSE4.2;AVX;AVX2,Zen,AMDRyzen_5_5625U,AMD,15,384KB,3MB,16MB,unset,DDR4
AMD;Ryzen;5,6600H,6,3.3G,12,64-bit,MMX;SSE;SSE2;SSE3;SSSE3;SSE4a;SSE4.1;SSE4.2;AVX;AVX2,Zen,AMDRyzen_5_6600H,AMD,45,384KB,3MB,16MB,unset,DDR5
AMD;Ryzen;5,6600HS,6,3.3G,12,64-bit,MMX;SSE;SSE2;SSE3;SSSE3;SSE4a;SSE4.1;SSE4.2;AVX;AVX2,Zen,AMDRyzen_5_6600HS,AMD,35,384KB,3MB,16MB,unset,DDR5
AMD;Ryzen;5,6600U,6,2.9G,12,64-bit,MMX;SSE;SSE2;SSE3;SSSE3;SSE4a;SSE4.1;SSE4.2;AVX;AVX2,Zen,AMDRyzen_5_6600U,AMD,unset,384KB,3MB,16MB,unset,DDR5
AMD;Ryzen;5;1500,PRO,4,3.5G,8,64-bit,MMX;SSE;SSE2;SSE3;SSSE3;SSE4a;SSE4.1;SSE4.2;AVX;AVX2,Zen,AMDRyzen_5_PRO_1500,AMD,65,384KB,2MB,16MB,2667M,DDR4
AMD;Ryzen;5;1600,,6,3.2G,12,64-bit,MMX;SSE;SSE2;SSE3;SSSE3;SSE4a;SSE4.1;SSE4.2;AVX;AVX2,Zen,AMDRyzen_5_1600,AMD,65,576KB,3MB,16MB,2667M,DDR4
AMD;Ryzen;5;1600,PRO,6,3.2G,12,64-bit,MMX;SSE;SSE2;SSE3;SSSE3;SSE4a;SSE4.1;SSE4.2;AVX;AVX2,Zen,AMDRyzen_5_PRO_1600,AMD,65,576KB,3MB,16MB,2667M,DDR4
AMD;Ryzen;5;2400G,,4,3.6G,8,64-bit,MMX;SSE;SSE2;SSE3;SSSE3;SSE4a;SSE4.1;SSE4.2;AVX;AVX2,Zen,AMDRyzen_5_2400G,AMD,65,384KB,2MB,4MB,2933M,DDR4
AMD;Ryzen;5;2400G,PRO,4,3.6G,8,64-bit,MMX;SSE;SSE2;SSE3;SSSE3;SSE4a;SSE4.1;SSE4.2;AVX;AVX2,Zen,AMDRyzen_5_PRO_2400G,AMD,65,384KB,2MB,4MB,2933M,unset
AMD;Ryzen;5;2400GE,,4,3.2G,8,64-bit,MMX;SSE;SSE2;SSE3;SSSE3;SSE4a;SSE4.1;SSE4.2;AVX;AVX2,Zen,AMDRyzen_5_2400GE,AMD,35,384KB,2MB,4MB,2933M,DDR4
AMD;Ryzen;5;2400GE,PRO,4,3.2G,8,64-bit,MMX;SSE;SSE2;SSE3;SSSE3;SSE4a;SSE4.1;SSE4.2;AVX;AVX2,Zen,AMDRyzen_5_PRO_2400GE,AMD,35,384KB,2MB,4MB,2933M,DDR4
AMD;Ryzen;5;2500U,,4,2.0G,8,64-bit,MMX;SSE;SSE2;SSE3;SSSE3;SSE4a;SSE4.1;SSE4.2;AVX;AVX2,Zen,AMDRyzen_5_2500U,AMD,15,384KB,2MB,4MB,2400M,DDR4
AMD;Ryzen;5;2500U,PRO,4,2.0G,8,64-bit,MMX;SSE;SSE2;SSE3;SSSE3;SSE4a;SSE4.1;SSE4.2;AVX;AVX2,Zen,AMDRyzen_5_PRO_2500U,AMD,15,384KB,2MB,4MB,2400M,DDR4
AMD;Ryzen;5;2600,,6,3.4G,12,64-bit,MMX;SSE;SSE2;SSE3;SSSE3;SSE4a;SSE4.1;SSE4.2;AVX;AVX2,Zen,AMDRyzen_5_2600,AMD,65,576KB,3MB,16MB,2933M,DDR4
AMD;Ryzen;5;2600,PRO,6,3.4G,12,64-bit,MMX;SSE;SSE2;SSE3;SSSE3;SSE4a;SSE4.1;SSE4.2;AVX;AVX2,Zen,AMDRyzen_5_PRO_2600,AMD,65,576KB,3MB,16MB,2933M,DDR4
AMD;Ryzen;5;3350G,PRO,4,3.6G,8,64-bit,MMX;SSE;SSE2;SSE3;SSSE3;SSE4a;SSE4.1;SSE4.2;AVX;AVX2,Zen,AMDRyzen_5_PRO_3350G,AMD,65,384KB,2MB,4MB,2933M,DDR4
AMD;Ryzen;5;3350GE,PRO,4,3.3G,4,64-bit,MMX;SSE;SSE2;SSE3;SSSE3;SSE4a;SSE4.1;SSE4.2;AVX;AVX2,Zen,AMDRyzen_5_PRO_3350GE,AMD,35,384KB,2MB,4MB,2933M,DDR4
AMD;Ryzen;5;3400G,,4,3.7G,8,64-bit,MMX;SSE;SSE2;SSE3;SSSE3;SSE4a;SSE4.1;SSE4.2;AVX;AVX2,Zen,AMDRyzen_5_3400G,AMD,65,384KB,2MB,4MB,unset,DDR4
AMD;Ryzen;5;3400G,PRO,4,3.7G,8,64-bit,MMX;SSE;SSE2;SSE3;SSSE3;SSE4a;SSE4.1;SSE4.2;AVX;AVX2,Zen,AMDRyzen_5_PRO_3400G,AMD,65,384KB,2MB,4MB,2933M,DDR4
AMD;Ryzen;5;3400GE,,4,3.3G,8,64-bit,MMX;SSE;SSE2;SSE3;SSSE3;SSE4a;SSE4.1;SSE4.2;AVX;AVX2,Zen,AMDRyzen_5_3400GE,AMD,35,384KB,2MB,4MB,2933M,unset
AMD;Ryzen;5;3400GE,PRO,4,3.3G,8,64-bit,MMX;SSE;SSE2;SSE3;SSSE3;SSE4a;SSE4.1;SSE4.2;AVX;AVX2,Zen,AMDRyzen_5_PRO_3400GE,AMD,35,384KB,2MB,4MB,2933M,DDR4
AMD;Ryzen;5;3500U,,4,2.1G,8,64-bit,MMX;SSE;SSE2;SSE3;SSSE3;SSE4a;SSE4.1;SSE4.2;AVX;AVX2,Zen,AMDRyzen_5_3500U,AMD,15,384KB,2MB,4MB,2400M,unset
AMD;Ryzen;5;3500U,PRO,4,2.1G,8,64-bit,MMX;SSE;SSE2;SSE3;SSSE3;SSE4a;SSE4.1;SSE4.2;AVX;AVX2,Zen,AMDRyzen_5_PRO_3500U,AMD,15,384KB,2MB,4MB,2400M,unset
AMD;Ryzen;5;3600,,6,3.6G,12,64-bit,MMX;SSE;SSE2;SSE3;SSSE3;SSE4a;SSE4.1;SSE4.2;AVX;AVX2,Zen,AMDRyzen_5_3600,AMD,65,384KB,3MB,32MB,3200M,DDR4
AMD;Ryzen;5;3600,PRO,6,3.6G,12,64-bit,MMX;SSE;SSE2;SSE3;SSSE3;SSE4a;SSE4.1;SSE4.2;AVX;AVX2,Zen,AMDRyzen_5_PRO_3600,AMD,65,384KB,3MB,32MB,3200M,DDR4
AMD;Ryzen;5;4650G,PRO,6,3.7G,12,64-bit,MMX;SSE;SSE2;SSE3;SSSE3;SSE4a;SSE4.1;SSE4.2;AVX;AVX2,Zen,AMDRyzen_5_PRO_4650G,AMD,65,384KB,3MB,8MB,3200M,DDR4
AMD;Ryzen;5;4650GE,PRO,6,3.3G,12,64-bit,MMX;SSE;SSE2;SSE3;SSSE3;SSE4a;SSE4.1;SSE4.2;AVX;AVX2,Zen,AMDRyzen_5_PRO_4650GE,AMD,35,384KB,3MB,8MB,3200M,DDR4
AMD;Ryzen;5;4650U,PRO,6,2.1G,12,64-bit,MMX;SSE;SSE2;SSE3;SSSE3;SSE4a;SSE4.1;SSE4.2;AVX;AVX2,Zen,AMDRyzen_5_PRO_4650U,AMD,15,unset,3MB,8MB,unset,LPDDR4
AMD;Ryzen;5;5650G,PRO,6,3.9G,12,64-bit,MMX;SSE;SSE2;SSE3;SSSE3;SSE4a;SSE4.1;SSE4.2;AVX;AVX2,Zen,AMDRyzen_5_PRO_5650G,AMD,65,unset,3MB,16MB,3200M,DDR4
AMD;Ryzen;5;5650GE,PRO,6,3.4G,12,64-bit,MMX;SSE;SSE2;SSE3;SSSE3;SSE4a;SSE4.1;SSE4.2;AVX;AVX2,Zen,AMDRyzen_5_PRO_5650GE,AMD,35,unset,3MB,16MB,3200M,DDR4
AMD;Ryzen;5;5650U,PRO,6,2.3G,12,64-bit,MMX;SSE;SSE2;SSE3;SSSE3;SSE4a;SSE4.1;SSE4.2;AVX;AVX2,Zen,AMDRyzen_5_PRO_5650U,AMD,15,unset,3MB,16MB,4266M,DDR4
AMD;Ryzen;5;5675U,PRO,6,2.3G,12,64-bit,MMX;SSE;SSE2;SSE3;SSSE3;SSE4a;SSE4.1;SSE4.2;AVX;AVX2,Zen,AMDRyzen_5_PRO_5675U,AMD,15,384KB,3MB,16MB,unset,DDR4
AMD;Ryzen;5;6650H,PRO,6,3.3G,12,64-bit,MMX;SSE;SSE2;SSE3;SSSE3;SSE4a;SSE4.1;SSE4.2;AVX;AVX2,Zen,AMDRyzen_5_PRO_6650H,AMD,45,384KB,3MB,16MB,unset,DDR5
AMD;Ryzen;5;6650HS,PRO,6,3.3G,12,64-bit,MMX;SSE;SSE2;SSE3;SSSE3;SSE4a;SSE4.1;SSE4.2;AVX;AVX2,Zen,AMDRyzen_5_PRO_6650HS,AMD,35,384KB,3MB,16MB,unset,DDR5
AMD;Ryzen;5;6650U,PRO,6,2.9G,12,64-bit,MMX;SSE;SSE2;SSE3;SSSE3;SSE4a;SSE4.1;SSE4.2;AVX;AVX2,Zen,AMDRyzen_5_PRO_6650U,AMD,unset,384KB,3MB,16MB,unset,DDR5
AMD;Ryzen;7,1800X,8,3.6G,16,64-bit,MMX;SSE;SSE2;SSE3;SSSE3;SSE4a;SSE4.1;SSE4.2;AVX;AVX2,Zen,AMDRyzen_7_1800X,AMD,95,768KB,4MB,16MB,2667M,DDR4
AMD;Ryzen;7,2700E,8,2.8G,16,64-bit,MMX;SSE;SSE2;SSE3;SSSE3;SSE4a;SSE4.1;SSE4.2;AVX;AVX2,Zen,AMDRyzen_7_2700E,AMD,45,768KB,4MB,16MB,2667M,DDR4
AMD;Ryzen;7,2800H,4,3.3G,8,64-bit,MMX;SSE;SSE2;SSE3;SSSE3;SSE4a;SSE4.1;SSE4.2;AVX;AVX2,Zen,AMDRyzen_7_2800H,AMD,45,192KB,2MB,4MB,3200M,unset
AMD;Ryzen;7,3700C,4,2.3G,8,64-bit,MMX;SSE;SSE2;SSE3;SSSE3;SSE4a;SSE4.1;SSE4.2;AVX;AVX2,Zen,AMDRyzen_7_3700C,AMD,15,384KB,2MB,4MB,unset,unset
AMD;Ryzen;7,3700X,8,3.6G,16,64-bit,MMX;SSE;SSE2;SSE3;SSSE3;SSE4a;SSE4.1;SSE4.2;AVX;AVX2,Zen,AMDRyzen_7_3700X,AMD,65,512KB,4MB,32MB,3200M,DDR4
AMD;Ryzen;7,3750H,4,2.3G,8,64-bit,MMX;SSE;SSE2;SSE3;SSSE3;SSE4a;SSE4.1;SSE4.2;AVX;AVX2,Zen,AMDRyzen_7_3750H,AMD,35,384KB,2MB,4MB,2400M,unset
AMD;Ryzen;7,3780U,4,2.3G,8,64-bit,MMX;SSE;SSE2;SSE3;SSSE3;SSE4a;SSE4.1;SSE4.2;AVX;AVX2,Zen,AMDRyzen_7_3780U,AMD,15,384KB,2MB,4MB,2400M,unset
AMD;Ryzen;7,3800X,8,3.9G,16,64-bit,MMX;SSE;SSE2;SSE3;SSSE3;SSE4a;SSE4.1;SSE4.2;AVX;AVX2,Zen,AMDRyzen_7_3800X,AMD,105,512KB,4MB,32MB,3200M,DDR4
AMD;Ryzen;7,3800XT,8,3.9G,16,64-bit,MMX;SSE;SSE2;SSE3;SSSE3;SSE4a;SSE4.1;SSE4.2;AVX;AVX2,Zen,AMDRyzen_7_3800XT,AMD,105,unset,4MB,32MB,3200M,DDR4
AMD;Ryzen;7,4700G,8,3.6G,16,64-bit,MMX;SSE;SSE2;SSE3;SSSE3;SSE4a;SSE4.1;SSE4.2;AVX;AVX2,Zen,AMDRyzen_7_4700G,AMD,65,512KB,4MB,8MB,3200M,DDR4
AMD;Ryzen;7,4700GE,8,3.1G,16,64-bit,MMX;SSE;SSE2;SSE3;SSSE3;SSE4a;SSE4.1;SSE4.2;AVX;AVX2,Zen,AMDRyzen_7_4700GE,AMD,35,512KB,4MB,8MB,3200M,DDR4
AMD;Ryzen;7,4700U,8,2.0G,8,64-bit,MMX;SSE;SSE2;SSE3;SSSE3;SSE4a;SSE4.1;SSE4.2;AVX;AVX2,Zen,AMDRyzen_7_4700U,AMD,15,unset,4MB,8MB,unset,LPDDR4
AMD;Ryzen;7,4800H,8,2.9G,16,64-bit,MMX;SSE;SSE2;SSE3;SSSE3;SSE4a;SSE4.1;SSE4.2;AVX;AVX2,Zen,AMDRyzen_7_4800H,AMD,45,unset,4MB,8MB,unset,LPDDR4
AMD;Ryzen;7,4800HS,8,2.9G,16,64-bit,MMX;SSE;SSE2;SSE3;SSSE3;SSE4a;SSE4.1;SSE4.2;AVX;AVX2,Zen,AMDRyzen_7_4800HS,AMD,45,unset,4MB,8MB,unset,LPDDR4
AMD;Ryzen;7,4800U,8,1.8G,16,64-bit,MMX;SSE;SSE2;SSE3;SSSE3;SSE4a;SSE4.1;SSE4.2;AVX;AVX2,Zen,AMDRyzen_7_4800U,AMD,15,unset,4MB,8MB,unset,LPDDR4
AMD;Ryzen;7,4980U,8,2.0G,16,64-bit,MMX;SSE;SSE2;SSE3;SSSE3;SSE4a;SSE4.1;SSE4.2;AVX;AVX2,Zen,AMDRyzen_7_4980U,AMD,15,512KB,4MB,8MB,4267M,LPDDR4
AMD;Ryzen;7,5700G,8,3.8G,16,64-bit,MMX;SSE;SSE2;SSE3;SSSE3;SSE4a;SSE4.1;SSE4.2;AVX;AVX2,Zen,AMDRyzen_7_5700G,AMD,65,unset,4MB,16MB,3200M,DDR4
AMD;Ryzen;7,5700GE,8,3.2G,16,64-bit,MMX;SSE;SSE2;SSE3;SSSE3;SSE4a;SSE4.1;SSE4.2;AVX;AVX2,Zen,AMDRyzen_7_5700GE,AMD,35,unset,4MB,16MB,3200M,DDR4
AMD;Ryzen;7,5700U,8,1.8G,16,64-bit,MMX;SSE;SSE2;SSE3;SSSE3;SSE4a;SSE4.1;SSE4.2;AVX;AVX2,Zen,AMDRyzen_7_5700U,AMD,15,unset,4MB,8MB,unset,LPDDR4
AMD;Ryzen;7,5700X,8,3.4G,16,64-bit,MMX;SSE;SSE2;SSE3;SSSE3;SSE4a;SSE4.1;SSE4.2;AVX;AVX2,Zen,AMDRyzen_7_5700X,AMD,65,512KB,4MB,32MB,3200M,DDR4
AMD;Ryzen;7,5800,8,3.4G,16,64-bit,MMX;SSE;SSE2;SSE3;SSSE3;SSE4a;SSE4.1;SSE4.2;AVX;AVX2,Zen,AMDRyzen_7_5800,AMD,65,unset,4MB,32MB,3200M,DDR4
AMD;Ryzen;7,5800H,8,3.2G,16,64-bit,MMX;SSE;SSE2;SSE3;SSSE3;SSE4a;SSE4.1;SSE4.2;AVX;AVX2,Zen,AMDRyzen_7_5800H,AMD,45,unset,4MB,16MB,unset,LPDDR4
AMD;Ryzen;7,5800HS,8,2.8G,16,64-bit,MMX;SSE;SSE2;SSE3;SSSE3;SSE4a;SSE4.1;SSE4.2;AVX;AVX2,Zen,AMDRyzen_7_5800HS,AMD,35,unset,4MB,16MB,unset,LPDDR4
AMD;Ryzen;7,5800U,8,1.9G,16,64-bit,MMX;SSE;SSE2;SSE3;SSSE3;SSE4a;SSE4.1;SSE4.2;AVX;AVX2,Zen,AMDRyzen_7_5800U,AMD,15,unset,4MB,16MB,unset,LPDDR4
AMD;Ryzen;7,5800X,8,3.8G,16,64-bit,MMX;SSE;SSE2;SSE3;SSSE3;SSE4a;SSE4.1;SSE4.2;AVX;AVX2,Zen,AMDRyzen_7_5800X,AMD,105,unset,4MB,32MB,3200M,DDR4
AMD;Ryzen;7,5800X3D,8,3.4G,16,64-bit,MMX;SSE;SSE2;SSE3;SSSE3;SSE4a;SSE4.1;SSE4.2;AVX;AVX2,Zen,AMDRyzen_7_5800X3D,AMD,105,512KB,4MB,96MB,unset,DDR4
AMD;Ryzen;7,5825C,8,2.0G,16,64-bit,MMX;SSE;SSE2;SSE3;SSSE3;SSE4a;SSE4.1;SSE4.2;AVX;AVX2,Zen,AMDRyzen_7_5825C,AMD,15,512KB,4MB,16MB,unset,DDR4
AMD;Ryzen;7,5825U,8,2.0G,16,64-bit,MMX;SSE;SSE2;SSE3;SSSE3;SSE4a;SSE4.1;SSE4.2;AVX;AVX2,Zen,AMDRyzen_7_5825U,AMD,15,512KB,4MB,16MB,unset,DDR4
AMD;Ryzen;7,6800H,8,3.2G,16,64-bit,MMX;SSE;SSE2;SSE3;SSSE3;SSE4a;SSE4.1;SSE4.2;AVX;AVX2,Zen,AMDRyzen_7_6800H,AMD,45,512KB,4MB,16MB,unset,DDR5
AMD;Ryzen;7,6800HS,8,3.2G,16,64-bit,MMX;SSE;SSE2;SSE3;SSSE3;SSE4a;SSE4.1;SSE4.2;AVX;AVX2,Zen,AMDRyzen_7_6800HS,AMD,35,512KB,4MB,16MB,unset,DDR5
AMD;Ryzen;7,6800U,8,2.7G,16,64-bit,MMX;SSE;SSE2;SSE3;SSSE3;SSE4a;SSE4.1;SSE4.2;AVX;AVX2,Zen,AMDRyzen_7_6800U,AMD,unset,512KB,4MB,16MB,unset,DDR5
AMD;Ryzen;7;1700,,8,3.0G,16,64-bit,MMX;SSE;SSE2;SSE3;SSSE3;SSE4a;SSE4.1;SSE4.2;AVX;AVX2,Zen,AMDRyzen_7_1700,AMD,65,768KB,4MB,16MB,2667M,DDR4
AMD;Ryzen;7;1700,PRO,8,3.0G,16,64-bit,MMX;SSE;SSE2;SSE3;SSSE3;SSE4a;SSE4.1;SSE4.2;AVX;AVX2,Zen,AMDRyzen_7_PRO_1700,AMD,65,768KB,4MB,16MB,2667M,DDR4
AMD;Ryzen;7;1700X,,8,3.4G,16,64-bit,MMX;SSE;SSE2;SSE3;SSSE3;SSE4a;SSE4.1;SSE4.2;AVX;AVX2,Zen,AMDRyzen_7_1700X,AMD,95,768KB,4MB,16MB,2667M,DDR4
AMD;Ryzen;7;1700X,PRO,8,3.4G,16,64-bit,MMX;SSE;SSE2;SSE3;SSSE3;SSE4a;SSE4.1;SSE4.2;AVX;AVX2,Zen,AMDRyzen_7_PRO_1700X,AMD,95,unset,4MB,16MB,2667M,DDR4
AMD;Ryzen;7;2700,,8,3.2G,16,64-bit,MMX;SSE;SSE2;SSE3;SSSE3;SSE4a;SSE4.1;SSE4.2;AVX;AVX2,Zen,AMDRyzen_7_2700,AMD,65,768KB,4MB,16MB,2933M,DDR4
AMD;Ryzen;7;2700,PRO,8,3.2G,16,64-bit,MMX;SSE;SSE2;SSE3;SSSE3;SSE4a;SSE4.1;SSE4.2;AVX;AVX2,Zen,AMDRyzen_7_PRO_2700,AMD,65,768KB,4MB,16MB,2933M,DDR4
AMD;Ryzen;7;2700U,,4,2.2G,8,64-bit,MMX;SSE;SSE2;SSE3;SSSE3;SSE4a;SSE4.1;SSE4.2;AVX;AVX2,Zen,AMDRyzen_7_2700U,AMD,15,384KB,2MB,4MB,2400M,DDR4
AMD;Ryzen;7;2700U,PRO,4,2.2G,8,64-bit,MMX;SSE;SSE2;SSE3;SSSE3;SSE4a;SSE4.1;SSE4.2;AVX;AVX2,Zen,AMDRyzen_7_PRO_2700U,AMD,15,384KB,2MB,4MB,2400M,DDR4
AMD;Ryzen;7;2700X,,8,3.7G,16,64-bit,MMX;SSE;SSE2;SSE3;SSSE3;SSE4a;SSE4.1;SSE4.2;AVX;AVX2,Zen,AMDRyzen_7_2700X,AMD,105,768KB,4MB,16MB,2933M,DDR4
AMD;Ryzen;7;2700X,PRO,8,3.6G,16,64-bit,MMX;SSE;SSE2;SSE3;SSSE3;SSE4a;SSE4.1;SSE4.2;AVX;AVX2,Zen,AMDRyzen_7_PRO_2700X,AMD,95,768KB,4MB,16MB,2933M,DDR4
AMD;Ryzen;7;3700,PRO,8,3.6G,16,64-bit,MMX;SSE;SSE2;SSE3;SSSE3;SSE4a;SSE4.1;SSE4.2;AVX;AVX2,Zen,AMDRyzen_7_PRO_3700,AMD,65,512KB,4MB,32MB,3200M,DDR4
AMD;Ryzen;7;3700U,,4,2.3G,8,64-bit,MMX;SSE;SSE2;SSE3;SSSE3;SSE4a;SSE4.1;SSE4.2;AVX;AVX2,Zen,AMDRyzen_7_3700U,AMD,15,384KB,2MB,4MB,2400M,DDR4
AMD;Ryzen;7;3700U,PRO,4,2.3G,8,64-bit,MMX;SSE;SSE2;SSE3;SSSE3;SSE4a;SSE4.1;SSE4.2;AVX;AVX2,Zen,AMDRyzen_7_PRO_3700U,AMD,15,384KB,2MB,4MB,2400M,unset
AMD;Ryzen;7;4750G,PRO,8,3.6G,16,64-bit,MMX;SSE;SSE2;SSE3;SSSE3;SSE4a;SSE4.1;SSE4.2;AVX;AVX2,Zen,AMDRyzen_7_PRO_4750G,AMD,65,512KB,4MB,8MB,3200M,DDR4
AMD;Ryzen;7;4750GE,PRO,8,3.1G,16,64-bit,MMX;SSE;SSE2;SSE3;SSSE3;SSE4a;SSE4.1;SSE4.2;AVX;AVX2,Zen,AMDRyzen_7_PRO_4750GE,AMD,35,512KB,4MB,8MB,3200M,DDR4
AMD;Ryzen;7;4750U,PRO,8,1.7G,16,64-bit,MMX;SSE;SSE2;SSE3;SSSE3;SSE4a;SSE4.1;SSE4.2;AVX;AVX2,Zen,AMDRyzen_7_PRO_4750U,AMD,15,unset,4MB,8MB,unset,LPDDR4
AMD;Ryzen;7;5750G,PRO,8,3.8G,16,64-bit,MMX;SSE;SSE2;SSE3;SSSE3;SSE4a;SSE4.1;SSE4.2;AVX;AVX2,Zen,AMDRyzen_7_PRO_5750G,AMD,65,unset,4MB,16MB,3200M,DDR4
AMD;Ryzen;7;5750GE,PRO,8,3.2G,16,64-bit,MMX;SSE;SSE2;SSE3;SSSE3;SSE4a;SSE4.1;SSE4.2;AVX;AVX2,Zen,AMDRyzen_7_PRO_5750GE,AMD,35,unset,4MB,16MB,3200M,DDR4
AMD;Ryzen;7;5850U,PRO,8,1.9G,16,64-bit,MMX;SSE;SSE2;SSE3;SSSE3;SSE4a;SSE4.1;SSE4.2;AVX;AVX2,Zen,AMDRyzen_7_PRO_5850U,AMD,15,unset,4MB,16MB,4266M,DDR4
AMD;Ryzen;7;5875U,PRO,8,2.0G,16,64-bit,MMX;SSE;SSE2;SSE3;SSSE3;SSE4a;SSE4.1;SSE4.2;AVX;AVX2,Zen,AMDRyzen_7_PRO_5875U,AMD,15,512KB,4MB,16MB,unset,DDR4
AMD;Ryzen;7;6850H,PRO,8,3.2G,16,64-bit,MMX;SSE;SSE2;SSE3;SSSE3;SSE4a;SSE4.1;SSE4.2;AVX;AVX2,Zen,AMDRyzen_7_PRO_6850H,AMD,45,512KB,4MB,16MB,unset,DDR5
AMD;Ryzen;7;6850HS,PRO,8,3.2G,16,64-bit,MMX;SSE;SSE2;SSE3;SSSE3;SSE4a;SSE4.1;SSE4.2;AVX;AVX2,Zen,AMDRyzen_7_PRO_6850HS,AMD,35,512KB,4MB,16MB,unset,DDR5
AMD;Ryzen;7;6850U,PRO,8,2.7G,16,64-bit,MMX;SSE;SSE2;SSE3;SSSE3;SSE4a;SSE4.1;SSE4.2;AVX;AVX2,Zen,AMDRyzen_7_PRO_6850U,AMD,unset,512KB,4MB,16MB,unset,DDR5
AMD;Ryzen;9;3900,PRO,12,3.1G,24,64-bit,MMX;SSE;SSE2;SSE3;SSSE3;SSE4a;SSE4.1;SSE4.2;AVX;AVX2,Zen,AMDRyzen_9_PRO_3900,AMD,65,768KB,6MB,64MB,3200M,DDR4
AMD;Ryzen;9;3900,,12,3.1G,24,64-bit,MMX;SSE;SSE2;SSE3;SSSE3;SSE4a;SSE4.1;SSE4.2;AVX;AVX2,Zen,AMDRyzen_9_3900,AMD,65,768KB,6MB,64MB,3200M,DDR4
AMD;Ryzen;9,3900X,12,3.8G,24,64-bit,MMX;SSE;SSE2;SSE3;SSSE3;SSE4a;SSE4.1;SSE4.2;AVX;AVX2,Zen,AMDRyzen_9_3900X,AMD,105,768KB,6MB,64MB,3200M,DDR4
AMD;Ryzen;9,3900XT,12,3.8G,24,64-bit,MMX;SSE;SSE2;SSE3;SSSE3;SSE4a;SSE4.1;SSE4.2;AVX;AVX2,Zen,AMDRyzen_9_3900XT,AMD,105,unset,6MB,64MB,3200M,DDR4
AMD;Ryzen;9,3950X,16,3.5G,32,64-bit,MMX;SSE;SSE2;SSE3;SSSE3;SSE4a;SSE4.1;SSE4.2;AVX;AVX2,Zen,AMDRyzen_9_3950X,AMD,105,1024KB,8MB,64MB,unset,DDR4
AMD;Ryzen;9,4900H,8,3.3G,16,64-bit,MMX;SSE;SSE2;SSE3;SSSE3;SSE4a;SSE4.1;SSE4.2;AVX;AVX2,Zen,AMDRyzen_9_4900H,AMD,54,unset,4MB,8MB,unset,LPDDR4
AMD;Ryzen;9,4900HS,8,3.0G,16,64-bit,MMX;SSE;SSE2;SSE3;SSSE3;SSE4a;SSE4.1;SSE4.2;AVX;AVX2,Zen,AMDRyzen_9_4900HS,AMD,35,unset,4MB,8MB,unset,LPDDR4
AMD;Ryzen;9,5900,12,3.0G,24,64-bit,MMX;SSE;SSE2;SSE3;SSSE3;SSE4a;SSE4.1;SSE4.2;AVX;AVX2,Zen,AMDRyzen_9_5900,AMD,65,unset,6MB,64MB,3200M,DDR4
AMD;Ryzen;9,5900HS,8,3.0G,16,64-bit,MMX;SSE;SSE2;SSE3;SSSE3;SSE4a;SSE4.1;SSE4.2;AVX;AVX2,Zen,AMDRyzen_9_5900HS,AMD,35,8KB,4MB,16MB,unset,LPDDR4
AMD;Ryzen;9,5900HX,8,3.3G,16,64-bit,MMX;SSE;SSE2;SSE3;SSSE3;SSE4a;SSE4.1;SSE4.2;AVX;AVX2,Zen,AMDRyzen_9_5900HX,AMD,45+,unset,4MB,16MB,unset,LPDDR4
AMD;Ryzen;9,5900X,12,3.7G,24,64-bit,MMX;SSE;SSE2;SSE3;SSSE3;SSE4a;SSE4.1;SSE4.2;AVX;AVX2,Zen,AMDRyzen_9_5900X,AMD,105,unset,6MB,64MB,3200M,DDR4
AMD;Ryzen;9,5950X,16,3.4G,32,64-bit,MMX;SSE;SSE2;SSE3;SSSE3;SSE4a;SSE4.1;SSE4.2;AVX;AVX2,Zen,AMDRyzen_9_5950X,AMD,105,unset,8MB,64MB,3200M,DDR4
AMD;Ryzen;9,5980HS,8,3.0G,16,64-bit,MMX;SSE;SSE2;SSE3;SSSE3;SSE4a;SSE4.1;SSE4.2;AVX;AVX2,Zen,AMDRyzen_9_5980HS,AMD,35,unset,4MB,16MB,unset,LPDDR4
AMD;Ryzen;9,5980HX,8,3.3G,16,64-bit,MMX;SSE;SSE2;SSE3;SSSE3;SSE4a;SSE4.1;SSE4.2;AVX;AVX2,Zen,AMDRyzen_9_5980HX,AMD,45+,unset,4MB,16MB,unset,LPDDR4
AMD;Ryzen;9,6900HS,8,3.3G,16,64-bit,MMX;SSE;SSE2;SSE3;SSSE3;SSE4a;SSE4.1;SSE4.2;AVX;AVX2,Zen,AMDRyzen_9_6900HS,AMD,35,512KB,4MB,16MB,unset,DDR5
AMD;Ryzen;9,6900HX,8,3.3G,16,64-bit,MMX;SSE;SSE2;SSE3;SSSE3;SSE4a;SSE4.1;SSE4.2;AVX;AVX2,Zen,AMDRyzen_9_6900HX,AMD,45,512KB,4MB,16MB,unset,DDR5
AMD;Ryzen;9,6980HS,8,3.3G,16,64-bit,MMX;SSE;SSE2;SSE3;SSSE3;SSE4a;SSE4.1;SSE4.2;AVX;AVX2,Zen,AMDRyzen_9_6980HS,AMD,35,512KB,4MB,16MB,unset,DDR5
AMD;Ryzen;9,6980HX,8,3.3G,16,64-bit,MMX;SSE;SSE2;SSE3;SSSE3;SSE4a;SSE4.1;SSE4.2;AVX;AVX2,Zen,AMDRyzen_9_6980HX,AMD,45,512KB,4MB,16MB,unset,DDR5
AMD;Ryzen;9;6950H,PRO,8,3.3G,16,64-bit,MMX;SSE;SSE2;SSE3;SSSE3;SSE4a;SSE4.1;SSE4.2;AVX;AVX2,Zen,AMDRyzen_9_PRO_6950H,AMD,45,384KB,4MB,16MB,unset,DDR5
AMD;Ryzen;9;6950HS,PRO,8,3.3G,16,64-bit,MMX;SSE;SSE2;SSE3;SSSE3;SSE4a;SSE4.1;SSE4.2;AVX;AVX2,Zen,AMDRyzen_9_PRO_6950HS,AMD,35,512KB,4MB,16MB,unset,DDR5
AMD;Ryzen;Threadripper,1900X,8,3.8G,16,64-bit,MMX;SSE;SSE2;SSE3;SSSE3;SSE4a;SSE4.1;SSE4.2;AVX;AVX2,Zen,AMDRyzen_Threadripper_1900X,AMD,180,768KB,4MB,16MB,2667M,DDR4
AMD;Ryzen;Threadripper,1920X,12,3.5G,24,64-bit,MMX;SSE;SSE2;SSE3;SSSE3;SSE4a;SSE4.1;SSE4.2;AVX;AVX2,Zen,AMDRyzen_Threadripper_1920X,AMD,180,1152KB,6MB,32MB,2667M,DDR4
AMD;Ryzen;Threadripper,1950X,16,3.4G,32,64-bit,MMX;SSE;SSE2;SSE3;SSSE3;SSE4a;SSE4.1;SSE4.2;AVX;AVX2,Zen,AMDRyzen_Threadripper_1950X,AMD,180,1536KB,8MB,32MB,2667M,DDR4
AMD;Ryzen;Threadripper,2920X,12,3.5G,24,64-bit,MMX;SSE;SSE2;SSE3;SSSE3;SSE4a;SSE4.1;SSE4.2;AVX;AVX2,Zen,AMDRyzen_Threadripper_2920X,AMD,180,1152KB,6MB,32MB,2933M,DDR4
AMD;Ryzen;Threadripper,2950X,16,3.5G,32,64-bit,MMX;SSE;SSE2;SSE3;SSSE3;SSE4a;SSE4.1;SSE4.2;AVX;AVX2,Zen,AMDRyzen_Threadripper_2950X,AMD,180,1536KB,8MB,32MB,2933M,DDR4
AMD;Ryzen;Threadripper,2970WX,24,3.0G,48,64-bit,MMX;SSE;SSE2;SSE3;SSSE3;SSE4a;SSE4.1;SSE4.2;AVX;AVX2,Zen,AMDRyzen_Threadripper_2970WX,AMD,250,2304KB,12MB,64MB,2933M,DDR4
AMD;Ryzen;Threadripper,2990WX,32,3.0G,64,64-bit,MMX;SSE;SSE2;SSE3;SSSE3;SSE4a;SSE4.1;SSE4.2;AVX;AVX2,Zen,AMDRyzen_Threadripper_2990WX,AMD,250,3072KB,16MB,64MB,2933M,DDR4
AMD;Ryzen;Threadripper,3960X,24,3.8G,48,64-bit,MMX;SSE;SSE2;SSE3;SSSE3;SSE4a;SSE4.1;SSE4.2;AVX;AVX2,Zen,AMDRyzen_Threadripper_3960X,AMD,280,1536KB,12MB,128MB,3200M,DDR4
AMD;Ryzen;Threadripper,3970X,32,3.7G,64,64-bit,MMX;SSE;SSE2;SSE3;SSSE3;SSE4a;SSE4.1;SSE4.2;AVX;AVX2,Zen,AMDRyzen_Threadripper_3970X,AMD,280,2048KB,16MB,128MB,3200M,DDR4
AMD;Ryzen;Threadripper,3990X,64,2.9G,128,64-bit,MMX;SSE;SSE2;SSE3;SSSE3;SSE4a;SSE4.1;SSE4.2;AVX;AVX2,Zen,AMDRyzen_Threadripper_3990X,AMD,280,4096KB,32MB,256MB,unset,DDR4
AMD;Ryzen;Threadripper;3945WX,PRO,12,4.0G,24,64-bit,MMX;SSE;SSE2;SSE3;SSSE3;SSE4a;SSE4.1;SSE4.2;AVX;AVX2,Zen,AMDRyzen_Threadripper_PRO_3945WX,AMD,280,768KB,6MB,64MB,3200M,DDR4
AMD;Ryzen;Threadripper;3955WX,PRO,16,3.9G,32,64-bit,MMX;SSE;SSE2;SSE3;SSSE3;SSE4a;SSE4.1;SSE4.2;AVX;AVX2,Zen,AMDRyzen_Threadripper_PRO_3955WX,AMD,280,1024KB,8MB,64MB,3200M,DDR4
AMD;Ryzen;Threadripper;3975WX,PRO,32,3.5G,64,64-bit,MMX;SSE;SSE2;SSE3;SSSE3;SSE4a;SSE4.1;SSE4.2;AVX;AVX2,Zen,AMDRyzen_Threadripper_PRO_3975WX,AMD,280,2048KB,16MB,128MB,3200M,DDR4
AMD;Ryzen;Threadripper;3995WX,PRO,64,2.7G,128,64-bit,MMX;SSE;SSE2;SSE3;SSSE3;SSE4a;SSE4.1;SSE4.2;AVX;AVX2,Zen,AMDRyzen_Threadripper_PRO_3995WX,AMD,280,4096KB,32MB,256MB,3200M,DDR4
AMD;Ryzen;Threadripper;5945WX,PRO,12,4.1G,24,64-bit,MMX;SSE;SSE2;SSE3;SSSE3;SSE4a;SSE4.1;SSE4.2;AVX;AVX2,Zen,AMDRyzen_Threadripper_PRO_5945WX,AMD,280,765KB,6MB,64MB,3200M,DDR4
AMD;Ryzen;Threadripper;5955WX,PRO,16,4.0G,32,64-bit,MMX;SSE;SSE2;SSE3;SSSE3;SSE4a;SSE4.1;SSE4.2;AVX;AVX2,Zen,AMDRyzen_Threadripper_PRO_5955WX,AMD,280,1024KB,8MB,64MB,3200M,DDR4
AMD;Ryzen;Threadripper;5965WX,PRO,24,3.8G,48,64-bit,MMX;SSE;SSE2;SSE3;SSSE3;SSE4a;SSE4.1;SSE4.2;AVX;AVX2,Zen,AMDRyzen_Threadripper_PRO_5965WX,AMD,280,1536KB,12MB,128MB,3200M,DDR4
AMD;Ryzen;Threadripper;5975WX,PRO,32,3.6G,64,64-bit,MMX;SSE;SSE2;SSE3;SSSE3;SSE4a;SSE4.1;SSE4.2;AVX;AVX2,Zen,AMDRyzen_Threadripper_PRO_5975WX,AMD,280,2048KB,16MB,128MB,3200M,DDR4
AMD;Ryzen;Threadripper;5995WX,PRO,64,2.7G,128,64-bit,MMX;SSE;SSE2;SSE3;SSSE3;SSE4a;SSE4.1;SSE4.2;AVX;AVX2,Zen,AMDRyzen_Threadripper_PRO_5995WX,AMD,280,4096KB,32MB,256MB,3200M,DDR4
AMD;Sempron,2800+,1,56M,1,64-bit,unset,unset,AMDSempron_2800plus,AMD,45,128KB,256KB,unset,unset,unset
AMD;Sempron;2650,APU,2,1.45G,2,64-bit,unset,unset,AMDSempron_2650_APU,AMD,25,128KB,1MB,unset,1333M,DDR3
AMD;Sempron;3850,APU,4,1.3G,4,64-bit,MMX;SSE;SSE2;SSE3;SSE4a,unset,AMDSempron_3850_APU,AMD,25,256KB,2MB,unset,1600M,DDR3
AMD;Turion,TL52,2,1.6G,2,64-bit,MMX;Now3Dx;SSE;SSE2;SSE3,unset,AMDTurion_TL52,AMD,31,unset,2MB,unset,unset,unset
AMD;Turion,TL56,2,1.8G,2,64-bit,MMX;Now3Dx;SSE;SSE2;SSE3,unset,AMDTurion_TL56,AMD,31,unset,unset,unset,unset,unset
AMD;Turion,TL60,2,2.0G,2,64-bit,MMX;Now3Dx;SSE;SSE2;SSE3,unset,AMDTurion_TL60,AMD,31,unset,1MB,unset,667M,DDR2
AMD;Turion,TL64,2,2.2G,2,64-bit,MMX;Now3Dx;SSE;SSE2;SSE3,unset,AMDTurion_TL64,AMD,35,unset,1MB,unset,667M,DDR2
